id,test,test_part,test_type,test_item,question_elements,statement,answers,correct_answer
1,enem_2024,ch,azul,55,"[{'question_text': 'A alma funciona no meu corpo de maneira maravilhosa. Nele se aloja, certamente, mas sabe bem dele escapar: escapa para ver as coisas através da janela dos meus olhos, escapa para sonhar quando durmo, para sobreviver quando morro. Minha alma durará muito tempo e mais que muito tempo, quando meu corpo vier a apodrecer. Viva minha alma! É meu corpo luminoso, purificado, virtuoso, ágil, móvel, tépido, viçoso; é meu corpo liso, castrado, arredondado como uma bolha de sabão.\n', 'question_text_reference': 'FOUCAULT, M. **O corpo utópico, as heterotopias**. São Paulo: Edições N-1, 2013.'}]",Esse texto reforça uma concepção metafísica clássica que remete a um(a),"{'A': 'pressuposto lógico.', 'B': 'pensamento dicotômico.', 'C': 'contemplação da natureza.', 'D': 'raciocínio argumentativo.', 'E': 'crítica à individualidade.'}",B
2,enem_2024,ch,azul,58,"[{'question_text_title': 'TEXTO I', 'question_text': 'Aristóteles entendia que a felicidade era diretamente ligada ao respeito pela própria natureza e, de certa maneira, a uma vida que tivesse na natureza de si mesma uma referência inabalável. Isso lhe permitiu formular o conceito de excelência. O que seria excelência? Seria, justamente, ao longo da vida, tirar de si mesmo, em forma de performance, de conduta, de comportamento, de disposição, o que a natureza permitiria de melhor.\n', 'question_text_reference': 'COEN, M.; BARROS FILHO, C. **A monja e o professor**: reflexões sobre ética, preceitos e valores. Rio de Janeiro: Best Seller, 2018.\n'}, {'question_text_title': 'TEXTO II', 'question_text': 'A noção de eudaimonia é central para a ética aristotélica. A eudaimonia é uma atividade e não um estado psicológico, pois é definida na Ética a Nicômaco como uma atividade da alma com base na virtude moral. A virtude moral é definida em termos de uma disposição diretamente ligada à deliberação, o que o leva a estudar a virtude intelectual que opera em seu interior, isto é, a prudência. A estrutura conceitual da ética aristotélica responde a uma tentativa de elucidar conceitualmente em que consiste isto, agir bem, ou, na linguagem aristotélica, o que significa ser feliz.\n', 'question_text_reference': 'ZINGANO, M. Eudaimonia, razão e contemplação na ética aristotélica. **Analytica**, n. 1, 2017 (adaptado).\n'}]","Os textos indicam que a prática de ações virtuosas, sempre efetivada na pólis, ocorre por meio do(a)
","{'A': 'teoria das formas essenciais.', 'B': 'identificação dos princípios racionais.', 'C': 'desenvolvimento das técnicas retóricas.', 'D': 'aperfeiçoamento das condutas humanas.', 'E': 'conhecimento das epistemes verdadeiras.'}",D
3,enem_2024,ch,azul,61,"[{'question_text': 'Eu sentia falta do futuro. É claro que eu sabia, muito mesmo antes da recorrência dele, que nunca envelheceria. Era muito provável que eu nunca mais fosse ver o oceano de uma altura de trinta mil pés de novo, uma distância tão grande que não dá nem para distinguir as ondas, nem nenhum barco, de um jeito que faz o oceano parecer um enorme e infinito monólito. Eu poderia imaginá-lo. Eu poderia me lembrar dele. Mas não poderia vê-lo de novo, e me ocorreu que a ambição voraz dos seres humanos nunca é saciada quando os sonhos são realizados, porque há sempre a sensação de que tudo poderia ter sido feito melhor e ser feito outra vez.\n', 'question_text_reference': 'GREEN, J. **A culpa é das estrelas**. Rio de Janeiro: Intrínseca, 2012.\n'}]","O texto apresenta uma reflexão da personagem acerca de um problema característico da filosofia contemporânea, que trata da(s)
","{'A': 'implicações éticas.', 'B': 'finitude humana.', 'C': 'limitações da linguagem.', 'D': 'pressuposição existencial.', 'E': 'objetividade do conhecimento.'}",B
4,enem_2024,ch,azul,62,"[{'question_text_title': 'TEXTO I', 'question_text': 'O empirismo moderno foi, em grande parte, condicionado por dois dogmas. Um deles é a crença em certa divisão fundamental entre verdades analíticas, ou fundadas em significados independentemente de questões de fato, e verdades sintéticas, ou fundadas em fatos. O outro dogma é o reducionismo: a crença de que todo enunciado significativo é equivalente a algum construto lógico sobre termos que se referem à experiência imediata.\n', 'question_text_reference': 'QUINE, W. V. O. Dois dogmas do empirismo. In: RYLE, G. et al. Ensaios. São Paulo: Abril Cultural, 1975.\n'}, {'question_text_title': 'TEXTO II', 'question_text': 'Teses: 1. Somente os enunciados que possuem conteúdo factual são teoricamente significativos; enunciados que não podem, em princípio, estar fundamentados pela experiência são carentes de significado. 2. As ciências empíricas usam somente o conteúdo empírico da realidade. 3. A filosofia usa um conceito não empírico da realidade.\n', 'question_text_reference': 'CARNAP, R. **Pseudoproblemas na filosofia.** In: SCHLICK, M.; CARNAP, R.; POPPER, K. Coletânea de textos. São Paulo: Abril Cultural, 1975.\n'}]","Ao comparar os textos, conclui-se que eles apresentam posicionamentos filosóficos divergentes com relação ao
","{'A': 'estatuto epistemológico da linguagem.', 'B': 'alicerce estruturante da moralidade.', 'C': 'conteúdo essencial da metafísica.', 'D': 'princípio constitutivo da ontologia.', 'E': 'domínio reflexivo da estética.'}",A
5,enem_2024,ch,azul,75,"[{'question_text': 'Os salões permitiam aos escritores da época do Iluminismo adentrar no universo dos poderosos. Figuras como as de Voltaire e Duclos exortavam seus “irmãos” a aproveitarem da mobilidade que era oferecida pela ordem social do Antigo Regime, juntando-se à elite. Nos últimos decênios do Ancien Régime, ele foi se tornando cada vez mais o reduto dos filósofos do Alto Iluminismo, que deixavam os cafés para os tipos inferiores de literário. Com efeito, os cafés se constituíram na antítese lógica dos salões. Eles eram abertos a todos, a um passo da rua. Como é possível constatar, salões e cafés constituem interessantes instituições do espaço público literário através das quais é possível vislumbrar as bases sociais nas quais se assentavam o Alto e o Baixo Iluminismo.\n', 'question_text_reference': 'HABERMAS, J. **Mudança estrutural da esfera pública: investigações quanto a uma categoria da sociedade burguesa.** Rio de Janeiro: Tempo Brasileiro, 1984 (adaptado).\n'}]","No período iluminista, os espaços sociais mencionados contribuíram para
","{'A': 'segregar pensadores e aumentar a circulação de ideias.', 'B': 'apoiar revolucionários e perseguir a nobreza local.', 'C': 'rejeitar poetisas e proibir a entrada de mulheres.', 'D': 'censurar cronistas e coibir o patrocínio editorial.', 'E': 'integrar artistas e ampliar o comércio urbano.'}",A
6,enem_2024,ch,azul,76,"[{'question_text': 'Resumamos os principais caracteres de um rizoma: diferentemente das árvores ou de suas raízes, o rizoma conecta um ponto qualquer com outro ponto qualquer e cada um de seus traços não remete necessariamente a traços de mesma natureza. Contra os sistemas centrados (e mesmo policentrados), de comunicação hierárquica e ligações preestabelecidas, o rizoma é um sistema a-centrado não hierárquico e não significante, sem general, sem memória organizadora ou autômato central, unicamente definido por uma circulação de estados.\n', 'question_text_reference': 'DELEUZE, G.; GUATTARI, F. **Mil platôs.** São Paulo: Editora 34, 1995 (adaptado).\n'}]","Qual elemento da cultura contemporânea se relaciona às características do conceito de rizoma, conforme descrito no texto?
","{'A': 'Estrutura fixa.', 'B': 'Lógica binária.', 'C': 'Controle homogêneo.', 'D': 'Uniformidade de opiniões.', 'E': 'Pluralidade de interações.'}",E
7,enem_2024,ch,azul,78,"[{'question_text': 'A regra de ouro, popularmente conhecida pelo provérbio ""Trate os outros como gostaria de ser tratado"", é um dos princípios morais mais onipresentes. A noção subjacente, que apela para o senso ético mais básico, se expressa de uma forma ou de outra em praticamente todas as tradições religiosas, e poucos filósofos morais deixaram de invocar a regra ou pelo menos de tecer comentários a respeito da relação com seus próprios princípios.\n', 'question_text_reference': 'DUPRÉ, B. **50 grandes ideias da humanidade**. São Paulo: Planeta do Brasil, 2016.\n'}]","O princípio ético apresentado no texto, como elemento estruturante da vida em sociedade, se traduz pela seguinte formulação teórica:
","{'A': 'Doutrina teleológica.', 'B': 'Imperativo categórico.', 'C': 'Pensamento utilitarista.', 'D': 'Secularização inautêntica.', 'E': 'Raciocínio consequencialista.'}",B
8,enem_2024,ch,azul,82,"[{'question_text': 'Bertrand Russell conta a história de um peru que descobrira, em sua primeira manhã na fazenda de perus, que fora alimentado às 9 da manhã. Contudo, ele não tirou conclusões apressadas. Esperou até recolher um grande número de observações do fato de que era alimentado às 9 da manhã e fez essas observações sob uma ampla variedade de circunstâncias, às quartas e quintas-feiras, em dias quentes e dias frios, em dias chuvosos e dias secos. A cada dia acrescentava uma outra proposição de observação à sua lista. Finalmente, sua consciência ficou satisfeita e ele concluiu. “Eu sou alimentado sempre às 9 da manhã”.\n', 'question_text_reference': 'CHALMERS, A. **O que é ciência, afinal?** São Paulo: Brasiliense, 1993 (adaptado).\n'}]","Qual tipo de raciocínio corresponde ao padrão de pensamento exibido pelo personagem do texto?
","{'A': 'Prático, porque recolhe evidências e recomenda ações.', 'B': 'Absoluto, porque busca confirmações e bloqueia refutações.', 'C': 'Indutivo, porque observa eventos particulares e infere leis universais.', 'D': 'Demonstrativo, porque encadeia premissas e extrai conclusões indubitáveis.', 'E': 'Analógico, porque compara diferentes situações e detecta elementos semelhantes.'}",C
9,enem_2024,ch,azul,90,"[{'question_text': 'Uma fábrica na qual os operários fossem, efetiva e integralmente, simples peças de máquinas executando cegamente as ordens da direção pararia em quinze minutos. O capitalismo só pode funcionar com a contribuição constante da atividade propriamente humana de seus subjugados que, ao mesmo tempo, tenta reduzir e desumanizar o mais possível.\n', 'question_text_reference': 'CASTORIADIS, C. **A instituição imaginária da sociedade.** Rio de Janeiro: Paz e Terra, 1982.\n'}]","O texto apresenta uma contradição interna do capitalismo caracterizada pela
","{'A': 'obsolescência associada ao uso da tecnologia.', 'B': 'orientação voltada à administração de conflitos.', 'C': 'alienação decorrente da organização do trabalho.', 'D': 'isonomia remanescente da geração de riquezas.', 'E': 'produtividade vinculada ao fortalecimento da autonomia.'}",C
10,enem_2025,ch,azul,48,"[{'question_text': 'A credulidade dos ouvintes aumenta o descaramento do narrador, e o descaramento deste conquista-lhes a credulidade. A eloquência, quando levada a seu patamar mais alto, deixa pouco lugar à razão ou à reflexão, mas, dirigindo-se inteiramente à imaginação e aos afetos, cativa os ouvintes condescendentes e subjuga-lhes o entendimento.\n', 'question_text_reference': 'HUME, D. **Uma investigação sobre o entendimento humano e sobre os princípios da moral.** São Paulo: Edunesp, 2003.\n'}]","No contexto do século XVIII, o autor propõe uma reflexão radical acerca da arte da eloquência, restringindo-a ao
","{'A': 'sistema de crenças, conforme a proposta kantiana de objetividade do conhecimento.', 'B': 'campo dos absolutos, semelhante ao entendimento medieval dos Universais.', 'C': 'domínio da lógica, consoante a compreensão aristotélica nos Analíticos.', 'D': 'paradigma da racionalidade, alinhado ao modelo cartesiano de método.', 'E': 'âmbito da persuasão, análogo às críticas platônicas aos sofistas.'}",E
11,enem_2025,ch,azul,50,"[{'question_text': 'O direito não é a justiça. O direito é o elemento do cálculo, é justo que haja um direito, mas a justiça é incalculável, ela exige que se calcule o incalculável; e as experiências aporéticas são experiências tão improváveis quanto necessárias da justiça, isto é, são momentos em que a decisão entre o justo e o injusto nunca é garantida por uma regra.\n', 'question_text_reference': 'DERRIDA, J. **Força de lei.** São Paulo: Martins Fontes, 2010 (adaptado).\n'}]","De acordo com o texto, ainda que estejam em desconformidade com o ordenamento jurídico, são exemplos de ação justa:
","{'A': 'Casos de desobediência civil.', 'B': 'Repressões do aparato estatal.', 'C': 'Conflitos de natureza intercontinental.', 'D': 'Manifestações do movimento sindical.', 'E': 'Mobilizações de agremiações estudantis.'}",A
12,enem_2025,ch,azul,55,"[{'question_text': 'A “invenção” dessa nova anatomia política não deve ser entendida como uma descoberta súbita. Mas como uma multiplicidade de processos muitas vezes mínimos, de origens diferentes, de localizações esparsas, que se recordam, que se repetem, ou se imitam, apoiam-se uns sobre os outros e esboçam aos poucos a fachada de um método geral. Encontramo-los em funcionamento nos colégios, muito cedo; mais tarde, nas escolas primárias, no espaço hospitalar e na organização militar.\n', 'question_text_reference': 'FOUCAULT, M. **Vigiar e punir.** Petrópolis: Vozes, 2011.\n'}]","O texto indica o seguinte aspecto da disciplina como ferramenta política:
","{'A': 'Expansão das técnicas de suplício.', 'B': 'Judicialização das relações de poder.', 'C': 'Dissolução das distinções de nobreza.', 'D': 'Capilarização das práticas de controle.', 'E': 'Espetacularização das medidas de penitência.'}",D
13,enem_2025,ch,azul,60,"[{'question_text': 'Adam Smith via o açougueiro e o padeiro não só como indivíduos buscando seus interesses financeiros, mas como pessoas moralmente motivadas dentro de uma sociedade. A base da moral era a empatia e o julgamento, instaurando uma distinção entre o que queremos fazer e o que sentimos que devemos fazer.\n', 'question_text_reference': 'COLLIER, P. **O futuro do capitalismo.** Porto Alegre: LP&M, 2019.\n'}]","O texto defende uma motivação capitalista para o campo dos negócios, na qual o lucro se mostra associado à
","{'A': 'consolidação do poder político.', 'B': 'procura de satisfação subjetiva.', 'C': 'estruturação do monopólio comercial.', 'D': 'percepção de responsabilidade ética.', 'E': 'conquista do reconhecimento público.'}",D
14,enem_2025,ch,azul,61,"[{'question_text': 'O corpo de cidadãos é o poder supremo dos Estados. A supremacia pode residir ou num homem, ou na minoria, ou em todos. Sempre que o Um, ou a Minoria, ou Todos governam, tendo em vista o bem-estar comum, essas constituições são justas; mas se procuram apenas o benefício de uma das partes, seja ela o Um, a Minoria ou Todos, estabelece-se um desvio.\n', 'question_text_reference': 'ARISTÓTELES. **Política.** São Paulo: Nova Cultural, 2000.\n'}]","No excerto encontra-se a base da teoria clássica das três formas de governo representadas pela
","{'A': 'tirania, oligarquia e república.', 'B': 'burocracia, autarquia e império.', 'C': 'ditadura, autocracia e anarquia.', 'D': 'plutocracia, tecnocracia e demagogia.', 'E': 'monarquia, aristocracia e democracia.'}",E
15,enem_2025,ch,azul,65,"[{'question_text_title': 'O que eu queria ter sido', 'question_text': 'Um nome para o que sou, importa muito pouco. Importa o que eu gostaria de ser. O que eu gostaria de ser era uma lutadora. Quero dizer, uma pessoa que luta pelo bem dos outros. Isso desde pequena eu quis. Por que foi o destino me levando a escrever o que já escrevi, em vez de também desenvolver em mim a qualidade de lutadora que eu tinha? Em pequena, minha família por brincadeira chamava-me de “a protetora dos animais”. Porque bastava acusarem uma pessoa para eu imediatamente defendê-la. E eu sentia o drama social com tanta intensidade que vivia de coração perplexo diante das grandes injustiças a que são submetidas as chamadas classes menos privilegiadas.\n', 'question_text_reference': 'LISPECTOR, C. **Aprendendo a viver.** Rio de Janeiro: Rocco Digital, 2013.\n'}]","A reflexão contida no texto faz referência aos pressupostos de uma doutrina ética representada pelo
","{'A': 'estado eudaimônico.', 'B': 'referencial hedonista.', 'C': 'pensamento altruísta.', 'D': 'movimento antiespecista.', 'E': 'comportamento pragmático.'}",C
16,enem_2025,ch,azul,66,"[{'question_text': 'Independência de pensamento, autonomia e direito à oposição política estão perdendo sua função crítica básica numa sociedade que parece cada vez mais capaz de atender às necessidades dos indivíduos através da forma pela qual é organizada. Nas condições de um padrão de vida crescente, o não conformismo com o próprio sistema parece socialmente inútil, principalmente quando acarreta desvantagens econômicas e políticas tangíveis e ameaça o funcionamento suave do todo.\n', 'question_text_reference': 'MARCUSE, H. **Ideologia da sociedade industrial.** Rio de Janeiro: Zahar, 1969.\n'}]","Qual é a característica da sociedade industrial do século XX apresentada no texto?
","{'A': 'Gestão integrada.', 'B': 'Relativismo moral.', 'C': 'Desobediência civil.', 'D': 'Realidade unidimensional.', 'E': 'Desenvolvimento tecnológico.'}",D
17,enem_2025,ch,azul,72,"[{'question_text_title': 'TEXTO I', 'question_text': 'Em conjunto: todo e não todo, unido e separado, em consonância e em dissonância. De todos um e de um todos. (Fragmento B10)\n', 'question_text_reference': 'PRÉ-SOCRÁTICOS. São Paulo: Nova Cultural, 1996.\n'}, {'question_text_title': 'TEXTO II', 'question_text': 'Deus é dia-noite, inverno-verão, guerra-paz, saciedade-fome. (Fragmento B67)\n', 'question_text_reference': 'PRÉ-SOCRÁTICOS. São Paulo: Nova Cultural, 1996.\n'}]","A característica do pensamento do filósofo Heráclito, registrada nos fragmentos mencionados, é a ênfase na
","{'A': 'qualidade imperecível do mundo.', 'B': 'degradação material da natureza.', 'C': 'imobilidade imanente do universo.', 'D': 'distribuição dicotômica do cosmos.', 'E': 'desordem incontornável das coisas.'}",D
18,enem_2025,ch,azul,79,"[{'question_text': 'A missão dos governantes consiste em promover a felicidade da sociedade, punindo e recompensando. A parte da missão de governo que consiste em punir constitui mais particularmente o objeto da lei penal. A obrigatoriedade ou necessidade de punir uma ação é proporcional à medida que tal ação tende a perturbar a felicidade e à medida que a tendência do referido ato é perniciosa. A felicidade consiste naquilo que já vimos, ou seja, em desfrutar prazeres e em estar isento de dores.\n', 'question_text_reference': 'BENTHAM, J. **Uma introdução aos princípios da moral e da legislação.** São Paulo: Abril Cultural, 1974 (adaptado).\n'}]","Qual perspectiva de justiça emerge da relação, estabelecida no texto, entre punição e felicidade?
","{'A': 'Aplicação de meios para atingir um fim.', 'B': 'Imposição de regras para estabelecer um dever.', 'C': 'Sobreposição de princípios para fundamentar um direito.', 'D': 'Criação de parâmetros para reconhecer uma prescrição.', 'E': 'Elaboração de convenções para referendar um costume.'}",A
19,enem_2025,ch,azul,82,"[{'question_text': 'A cidade justa é governada pelos filósofos, administrada pelos cientistas, protegida pelos guerreiros e mantida pelos produtores. Cada classe cumprirá sua função para o bem da pólis, racionalmente dirigida pelos filósofos. Em contrapartida, a cidade injusta é aquela onde o governo está nas mãos dos proprietários — que não pensam no bem comum da pólis e lutarão por interesses econômicos particulares.\n', 'question_text_reference': 'CHAUÍ, M. **Convite à filosofia.** São Paulo: Ática, 2000.\n'}]","O texto apresenta a estrutura de governo da cidade ideal pensada por Platão, que postula uma indissociabilidade entre
","{'A': 'cognoscência e relação intersubjetiva.', 'B': 'mitologia e teorias cosmogônicas.', 'C': 'cidadania e primazia da retórica.', 'D': 'moralidade e virtudes cardeais.', 'E': 'ética e exercício do poder.'}",E
20,enem_2025_belem,ch,azul,47,"[{'question_text': 'Para os gregos, forçar alguém mediante violência, ordenar ao invés de persuadir, eram modos pré-políticos de lidar com as pessoas, típicos da vida fora da polis, característicos do lar e da vida em família, na qual o chefe da casa imperava com poderes incontestes e despóticos.\n', 'question_text_reference': 'ARENDT, H. **A condição humana.** São Paulo: Perspectiva, 2004.\n'}]","A filósofa alemã Hannah Arendt analisa uma noção de poder sustentada pelo vínculo entre a autoridade e a violência para criticar tendências que se baseiam no(a)
","{'A': 'força coercitiva das leis.', 'B': 'arbítrio individual do governante.', 'C': 'monitoramento coletivo dos cidadãos.', 'D': 'imposição constritiva dos argumentos.', 'E': 'obediência aos mecanismos de repressão.'}",B
21,enem_2025_belem,ch,azul,53,"[{'question_text': 'Não ignoro que muitos foram e são de opinião de que as coisas do mundo são governadas de tal modo pela fortuna e por Deus e que os homens não podem corrigi-las com a prudência, e até não têm remédio algum contra eles. Por isso, poder-se-ia julgar que não devemos incomodar-nos demais com as coisas, mas deixar-nos governar à sorte.\n', 'question_text_reference': 'MAQUIAVEL, N. **O Príncipe.** São Paulo: Martins Fontes, 2010.\n'}]","Diante dessas reflexões de Maquiavel, qual é a função do livre-arbítrio nos domínios da política?
","{'A': 'Aplacar a aspiração de poder dos súditos.', 'B': 'Orientar o soberano no campo das incertezas.', 'C': 'Estabilizar a administração por meio do diálogo.', 'D': 'Relativizar os valores morais no escopo das tradições.', 'E': 'Aprimorar o espírito bélico para a conquista de territórios.'}",B
22,enem_2025_belem,ch,azul,55,"[{'question_text': 'O homo economicus contemporâneo é dotado de intenso princípio de racionalidade formal que o leva: 1. a buscar sem qualquer hesitação a própria felicidade; 2. a dar a preferência aos objetos visíveis que lhe trarão o máximo de satisfação.\n', 'question_text_reference': 'BAUDRILLARD, J. **A sociedade de consumo.** Lisboa: Edições 70, 1995 (adaptado).\n'}]","Considerando o tipo de racionalidade descrita no texto, os projetos de autorrealização dominantes na contemporaneidade estão centrados no
","{'A': 'aprimoramento moral.', 'B': 'alinhamento político.', 'C': 'capital simbólico.', 'D': 'vínculo religioso.', 'E': 'valor cultural.'}",C
23,enem_2025_belem,ch,azul,70,"[{'question_text': 'É com certeza, Senhor, e não com dúvida que em minha consciência eu Vos amo. Vós atingistes meu coração com a Vossa palavra e assim Vos amei. O céu, a terra e tudo que neles existe conclamam-me por toda parte a amar-Vos.\n', 'question_text_reference': 'AGOSTINHO. **Confissões.** Petrópolis: Vozes, 1988.\n'}]","Na visão do autor, o ser humano tem como característica a
","{'A': 'abstenção política como resultado da manifestação da fé.', 'B': 'construção da ideia de autonomia como fonte de libertação.', 'C': 'dependência da ordem divina para conquista da felicidade plena.', 'D': 'realização pessoal mediante prosperidade advinda do trabalho.', 'E': 'busca pela moralidade cristã determinada pelo imperativo categórico.'}",C
24,enem_2025_belem,ch,azul,74,"[{'question_text': 'O que define a polis é que, contrariamente à tribo ou às grandes monarquias, contrariamente à comunidade familiar, ali ninguém possui apriori o poder. Não se trata do objeto de um “ter” reservado, mas o lugar de uma luta pelo reconhecimento público, principalmente quando a polis é democrática, como foi o caso de Atenas.\n', 'question_text_reference': 'WOLFF, F. **Aristóteles e a política.** São Paulo: Discurso Editorial, 1999 (adaptado).\n'}]","A organização política apresentada no texto alcança o modelo de deliberação pública das sociedades democráticas contemporâneas nas quais
","{'A': 'patriarcas regionais preenchem os espaços de poder.', 'B': 'parlamentares atuam conforme interesses setorizados.', 'C': 'representantes eleitos estão legitimados pela vontade popular.', 'D': 'aristocratas ocupam a classe média na estratificação social.', 'E': 'governos hereditários dispensam a necessidade de eleições.'}",C
25,enem_2025_belem,ch,azul,77,"[{'question_text': 'O smartphone não é uma coisa. Eu o caracterizo como um infômata (coisa informatizada) que produz e processa informações. As informações são o contrário dos apoios que dão tranquilidade à vida. Vivem do estímulo da surpresa. Elas nos submergem em um turbilhão de atualidade.\n', 'question_text_reference': 'HAN, B.-C. apud FANJUL, S. **Entrevista com o filósofo Byung-Chul Han.** Disponível em: https://brasil.elpais.com. Acesso em: 21 out. 2021 (adaptado).\n'}]","O texto sustenta que a ampliação das experiências de conectividade promovem
","{'A': 'polarização e divisão social.', 'B': 'autonomia e liberdade funcional.', 'C': 'organização e controle temporal.', 'D': 'dispersão e desorientação pessoal.', 'E': 'produtividade e criatividade laboral.'}",D
26,enem_2025_belem,ch,azul,81,"[{'question_text_title': 'TEXTO I', 'question_text': 'A diferença entre um e outro homem não é suficientemente considerável para que qualquer um possa com base nela reclamar qualquer benefício a que o outro não possa também aspirar, tal como ele. Portanto, se dois homens desejam a mesma coisa, ao mesmo tempo em que é impossível ela ser gozada por ambos, eles tornam-se inimigos.\n', 'question_text_reference': 'HOBBES, T. **Leviatã.** São Paulo: Abril, 1980.\n'}, {'question_text_title': 'TEXTO II', 'question_text': 'Nada é mais meigo do que o homem em seu estado primitivo, quando, colocado pela natureza entre a estupidez dos brutos e as luzes funestas do homem civil, e compelido tanto pelo instinto quanto pela razão a defender-se do mal que o ameaça, é impedido pela piedade natural de fazer mal a alguém sem ser a isso levado por alguma coisa ou mesmo depois de atingido por algum mal.\n', 'question_text_reference': 'ROUSSEAU, J.-J. **Discurso sobre a origem e os fundamentos da desigualdade entre os homens.** São Paulo: Abril, 1978.\n'}]","Comparando-se os textos dos contratualistas, verifica-se que eles apresentam um traço constitutivo dos homens no estado de natureza, caracterizado pela
","{'A': 'tendência à autopreservação.', 'B': 'expressão da inocência.', 'C': 'condição de igualdade.', 'D': 'estima à propriedade.', 'E': 'vontade de poder.'}",C
27,enem_2025_belem,ch,azul,89,"[{'question_text': 'Antigamente, existiam duas maneiras de governar: ou a sociedade era comandada pelo rei (monarquia), ou era dirigida por um pequeno grupo de homens ricos (aristocracia). Mas, em algumas cidades da Grécia, foi experimentada outra forma de governo na qual os cidadãos decidiam os rumos da sociedade.\n', 'question_text_reference': 'KONDER, L. **Além das urnas.** In: PLANTEL, E. A democracia pode ser assim. São Paulo: Boitatá, 2015 (adaptado).\n'}]","O texto faz referência a um modelo de governo sustentado por um(a)
","{'A': 'mandato coletivo.', 'B': 'autocracia religiosa.', 'C': 'ditadura personalista.', 'D': 'absolutismo teocrático.', 'E': 'participação popular.'}",E
28,enem_2025_belem,ch,azul,52,"[{'question_text': 'Ainda que instituições não recorram a castigos violentos ou sangrentos, mesmo quando utilizam métodos “suaves” de trancar ou corrigir, é sempre do corpo que se trata — do corpo e suas forças, da utilidade e docilidade deles, de sua repartição e de sua submissão.\n', 'question_text_reference': 'FOUCAULT, M. Vigiar e punir. Petrópolis: Vozes, 1995 (adaptado).\n'}]","A forma de exercício de poder indicada no texto é caracterizada como:
","{'A': 'Ideológica, associada à dominação da consciência.', 'B': 'Midiática, apoiada na manipulação afetivo-sentimental.', 'C': 'Disciplinar, fundamentada na diluição espaço-temporal.', 'D': 'Autoritária, conduzida pela imposição coercitiva.', 'E': 'Carismática, motivada pela fascinação pessoal.'}",C
29,enem_2025_belem,ch,azul,67,"[{'question_text': 'Pensa-se que é característico de uma pessoa de discernimento ser capaz de deliberar bem acerca do que é bom e conveniente para si mesma, não em relação a um aspecto particular — por exemplo, quando se quer saber quais as espécies de coisas que concorrem para a saúde e para o vigor físico —, e sim acerca das espécies de coisas que nos levam a viver bem de um modo geral. O discernimento deve ser então uma qualidade que leva à verdade no tocante às ações relacionadas com os bens humanos.\n', 'question_text_reference': 'ARISTÓTELES. Ética a Nicômaco. In: MARCONDES, D. (Org.). **Textos básicos de Ética.** Rio de Janeiro: Zahar, 2008 (adaptado).\n'}]","Conforme o trecho filosófico, a pessoa capaz de bem decidir é dotada de uma qualidade
","{'A': 'teórica, voltada para o rigor da pesquisa.', 'B': 'racional, voltada para a orientação das escolhas.', 'C': 'pragmática, voltada para o desenvolvimento de projetos.', 'D': 'filosófica, voltada para a delimitação de opiniões.', 'E': 'social, voltada para a criação da arte.'}",B
30,enem_2025_2apl,ch,azul,69,"[{'question_text': 'A ontologia como fundamento da ética foi o ponto de vista original da filosofia. A separação das duas, que é a separação entre o reino “objetivo” e o “subjetivo”, é o destino moderno. Sua re-união, caso seja possível, só poderá ser alcançada a partir do lado “objetivo”; quer dizer: por uma revisão da ideia de natureza. Só uma ética fundada na amplitude do ser, e não apenas na singularidade ou na peculiaridade do ser humano, é que pode ser de importância no universo das coisas. Mesmo que seja feita uma exigência extra-humana para o comportamento humano, permanece de pé o fato de que uma ética que não mais se baseie sobre a divindade tem que se fundamentar em um princípio que possa ser descoberto na natureza das coisas, para que não seja vítima do subjetivismo ou de outras formas de relativismo.\n', 'question_text_reference': 'JONAS, H. O princípio vida: fundamentos para uma biologia filosófica. Petrópolis: Vozes, 2004 (adaptado).\n'}]","A fundamentação ontológica da ética proposta pelo autor encontra suporte na
","{'A': 'afirmação da autoridade religiosa.', 'B': 'satisfação de interesses individuais.', 'C': 'formação do pragmatismo utilitarista.', 'D': 'compreensão da totalidade universal.', 'E': 'superação do modelo racionalista.'}",D
31,enem_2025_2apl,ch,azul,73,"[{'question_text': 'Na obra O Político, Platão faz uma sutil distinção entre plantas e animais. As plantas, diferentemente dos animais, não seriam geridas pelo cosmo. Isso se prova pela sua autonomia ao germinarem aleatoriamente no solo. As plantas seriam autônomas, enquanto os animais seriam comandados. Se considerarmos a degeneração pela qual passariam os homens e suas almas, segundo Platão, vindo a se tornarem animais em outras vidas, os homens seriam seres políticos que deveriam ser governados, submissos a algo ou a alguém, no caso à política e ao demiurgo ou artesão, criador de todas as coisas. As plantas, por outro lado, cuja natureza é distinta, não teriam suas almas subordinadas ou dotadas de um fim.\n', 'question_text_reference': 'KLEPKA, V.; CORAZZA, M. J. A natureza da classificação dos seres vivos na Grécia Antiga. **Diálogos**, n. 2, 2018 (adaptado).\n'}]","No texto, a natureza serve de paradigma para a compreensão da(s)
","{'A': 'bases do monoteísmo antigo.', 'B': 'leis universais da botânica helênica.', 'C': 'constituição da sociedade ateniense.', 'D': 'técnicas da produção agrícola grega.', 'E': 'dessacralização da cosmologia clássica.'}",C
32,enem_2025_belem,ch,azul,82,"[{'question_text': 'Sem negar que Deus prevê todos os acontecimentos futuros, entretanto nós queremos livremente aquilo que queremos. Porque, se o objeto da presciência divina é a nossa vontade, é essa mesma vontade assim prevista que se realizará. Haverá, pois, um ato de vontade livre, já que Deus vê esse ato livre com antecedência.\n', 'question_text_reference': 'AGOSTINHO. **O livre-arbítrio.** São Paulo: Paulus, 1995 (adaptado).\n'}]","Refletindo sobre o Deus onisciente e suas criaturas, o autor sustenta a
","{'A': 'existência do saber divino em cooperação com o conhecimento humano.', 'B': 'prevalência da liberdade humana diante da facticidade.', 'C': 'precedência da cognição transcendental sobre o agir humano.', 'D': 'conformação da natureza humana perante os acontecimentos no mundo.', 'E': 'autonomia do indivíduo a despeito das necessidades inerentes à condição humana.'}",C
33,enem_2018,ch,roza,66,"[{'question_text': 'Empédocles estabelece quatro elementos corporais — fogo, ar, água e terra —, que são eternos e que mudam aumentando e diminuindo mediante mistura e separação; mas os princípios propriamente ditos, pelos quais aqueles são movidos, são o Amor e o Ódio. Pois é preciso que os elementos permaneçam alternadamente em movimento, sendo ora misturados pelo Amor, ora separados pelo Ódio.\n', 'question_text_reference': 'SIMPLÍCIO. **Física, 25, 21.** In: Os pré-socráticos. São Paulo: Nova Cultural, 1996.\n'}]","O texto propõe uma reflexão sobre o entendimento de Empédocles acerca da arché, uma preocupação típica do pensamento pré-socrático, porque
","{'A': 'exalta a investigação filosófica.', 'B': 'transcende ao mundo sensível.', 'C': 'evoca a discussão cosmogônica.', 'D': 'fundamenta as paixões humanas.', 'E': 'corresponde à explicação mitológica.'}",C
34,enem_2012,ch,azul,28,"[{'question_text_title': 'TEXTO I', 'question_text': 'Anaxímenes de Mileto disse que o ar é o elemento originário de tudo o que existe, existiu e existirá, e que outras coisas provêm de sua descendência. Quando o ar se dilata, transforma-se em fogo, ao passo que os ventos são ar condensado. As nuvens formam-se a partir do ar por feltragem e, ainda mais condensadas, transformam-se em água. A água, quando mais condensada, transforma-se em terra, e quando condensada ao máximo possível, transforma-se em pedras.\n', 'question_text_reference': 'BURNET, J. **A aurora da filosofia grega.** Rio de Janeiro: PUC-Rio, 2006 (adaptado).\n'}, {'question_text_title': 'TEXTO II', 'question_text': 'Basílio Magno, filósofo medieval, escreveu: “Deus, como criador de todas as coisas, está no princípio do mundo e dos tempos. Quão parcas de conteúdo se nos apresentam, em face desta concepção, as especulações contraditórias dos filósofos, para os quais o mundo se origina, ou de algum dos quatro elementos, como ensinam os Jônios, ou dos átomos, como julga Demócrito. Na verdade, dão a impressão de quererem ancorar o mundo numa teia de aranha.”\n', 'question_text_reference': 'GILSON, E.; BOEHNER, P. **História da Filosofia Cristã.** São Paulo: Vozes, 1991 (adaptado).\n'}]","Filósofos dos diversos tempos históricos desenvolveram teses para explicar a origem do universo, a partir de uma explicação racional. As teses de Anaxímenes, filósofo grego antigo, e de Basílio, filósofo medieval, têm em comum na sua fundamentação teorias que
","{'A': 'eram baseadas nas ciências da natureza.', 'B': 'refutavam as teorias de filósofos da religião.', 'C': 'tinham origem nos mitos das civilizações antigas.', 'D': 'postulavam um princípio originário para o mundo.', 'E': 'defendiam que Deus é o princípio de todas as coisas.'}",D
35,enem_2014,ch,azul,24,"[{'question_text': 'Alguns dos desejos são naturais e necessários; outros, naturais e não necessários; outros, nem naturais nem necessários, mas nascidos de vã opinião. Os desejos que não nos trazem dor se não satisfeitos não são necessários, mas o seu impulso pode ser facilmente desfeito, quando é difícil obter sua satisfação ou parecem geradores de dano.\n', 'question_text_reference': 'EPICURO DE SAMOS. **Doutrinas principais.** In: SANSON, V. F. Textos de filosofia. Rio de Janeiro: Eduff, 1974.\n'}]","No fragmento da obra filosófica de Epicuro, o homem tem como fim
","{'A': 'alcançar o prazer moderado e a felicidade.', 'B': 'valorizar os deveres e as obrigações sociais.', 'C': 'aceitar o sofrimento e o rigorismo da vida com resignação.', 'D': 'refletir sobre os valores e as normas dadas pela divindade.', 'E': 'defender a indiferença e a impossibilidade de se atingir o saber.'}",A
36,enem_2020_2apl,ch,azul,54,"[{'question_text': 'Aquilo que é quente necessita de umidade para viver, e o que é morto seca, e todos os germes são úmidos, e todo alimento é cheio de suco; ora, é natural que cada coisa se nutra daquilo de que provém.\n', 'question_text_reference': 'SIMPLÍCIO. In: BORNHEIM, G. A. **Os filósofos pré-socráticos.** São Paulo: Cultrix, 1993.\n'}]","O fragmento atribuído ao filósofo Tales de Mileto é característico do pensamento pré-socrático ao apresentar uma:
","{'A': 'abordagem epistemológica sobre o lógos e a fundamentação da metafísica.', 'B': 'teoria crítica sobre a essência e o método do conhecimento científico.', 'C': 'justificação religiosa sobre a existência e as contradições humanas.', 'D': 'elaboração poética sobre os mitos e as narrativas cosmogônicas.', 'E': 'explicação racional sobre a origem e a transformação da physis.'}",E
37,enem_2016,ch,azul,23,"[{'question_text_title': 'TEXTO I', 'question_text': 'Fragmento B91: Não se pode banhar duas vezes no mesmo rio, nem substância mortal alcançar duas vezes a mesma condição; mas pela intensidade e rapidez da mudança, dispersa e de novo reúne.\n', 'question_text_reference': 'HERÁCLITO. **Fragmentos (Sobre a natureza).** São Paulo: Abril Cultural, 1996 (adaptado).\n'}, {'question_text_title': 'TEXTO II', 'question_text': 'Fragmento B8: São muitos os sinais de que o ser é ingênito e indestrutível, pois é compacto, inabalável e sem fim; não foi nem será, pois é agora um todo homogêneo, uno, contínuo. Como poderia o que é perecer? Como poderia gerar-se?\n', 'question_text_reference': 'PARMÊNIDES. **Da natureza.** São Paulo: Loyola, 2002 (adaptado).\n'}]","Os fragmentos do pensamento pré-socrático expõem uma oposição que se insere no campo das
","{'A': 'investigações do pensamento sistemático.', 'B': 'preocupações do período mitológico.', 'C': 'discussões de base ontológica.', 'D': 'habilidades da retórica sofística.', 'E': 'verdades do mundo sensível.'}",C
38,enem_2023,ch,azul,90,"[{'question_text': 'Não tinha outra filosofia. Nem eu. Não digo que a Universidade me não tivesse ensinado alguma; mas eu decorei-lhe  só as fórmulas, o vocabulário, o esqueleto. Tratei-a como tratei o latim; embolsei três versos de Virgílio, dois de  Horácio, uma dúzia de locuções morais e políticas, para as despesas da conversação. Tratei-os como tratei a história  e a jurisprudência. Colhi de todas as cousas a fraseologia, a casca, a ornamentação.\n', 'question_text_reference': 'ASSIS, M. **Memórias póstumas de Brás Cubas.** Belo Horizonte: Autêntica, 1999.\n'}]","A descrição crítica do personagem de Machado de Assis assemelha-se às características dos sofistas, contestados pelos filósofos gregos da Antiguidade, porque se mostra alinhada à
","{'A': 'elaboração conceitual de entendimentos.', 'B': 'utilização persuasiva do discurso.', 'C': 'narração alegórica dos rapsodos.', 'D': 'investigação empírica da physis.', 'E': 'expressão pictográfica da pólis.'}",B
39,enem_2017,ch,azul,66,"[{'question_text': 'Uma conversação de tal natureza transforma o ouvinte; o contato de Sócrates paralisa e embaraça;  leva a refletir sobre si mesmo, a imprimir à atenção uma direção incomum: os temperamentais, como Alcibíades,  sabem que encontrarão junto dele todo o bem de que são capazes, mas fogem porque receiam essa influência  poderosa, que os leva a se censurarem. É sobretudo a esses jovens, muitos quase crianças, que ele tenta  imprimir sua orientação.\n', 'question_text_reference': 'BRÉHIER, E. **História da filosofia.** São Paulo: Mestre Jou, 1977.\n'}]","O texto evidencia características do modo de vida socrático, que se baseava na
","{'A': 'contemplação da tradição mítica.', 'B': 'sustentação do método dialético.', 'C': 'relativização do saber verdadeiro.', 'D': 'valorização da argumentação retórica. ', 'E': 'investigação dos fundamentos da natureza.'}",B
40,enem_2019_2apl,ch,azul,82,"[{'question_text': 'Tomemos o exemplo de Sócrates: é precisamente ele quem interpela as pessoas na rua, os jovens no  ginásio, perguntando: “Tu te ocupas de ti?” O deus o encarregou disso, é sua missão, e ele não a abandonará,  mesmo no momento em que for ameaçado de morte. Ele é certamente o homem que cuida do cuidado dos  outros: esta é a posição particular do filósofo.\n', 'question_text_reference': 'FOUCAULT, M. **Ditos e escritos.** Rio de Janeiro: Forense Universitária, 2004.\n'}]","O fragmento evoca o seguinte princípio moral da filosofia socrática, presente em sua ação dialógica:
","{'A': 'Examinar a própria vida.', 'B': 'Ironizar o seu oponente.', 'C': 'Sofismar com a verdade.', 'D': 'Debater visando a aporia.', 'E': 'Desprezar a virtude alheia.'}",A
41,enem_2015,ch,azul,34,"[{'question_text': 'A filosofia grega parece começar com uma ideia absurda, com a proposição: a água é a origem e a matriz  de todas as coisas. Será mesmo necessário deter-nos nela e levá-la a sério? Sim, e por três razões: em primeiro  lugar, porque essa proposição enuncia algo sobre a origem das coisas; em segundo lugar, porque o faz sem  imagem e fabulação; e enfim, em terceiro lugar, porque nela, embora apenas em estado de crisálida, está contido  o pensamento: Tudo é um.\n', 'question_text_reference': 'NIETZSCHE, F. Crítica moderna. In: **Os pré-socráticos.** São Paulo: Nova Cultural, 1999.\n'}]","O que, de acordo com Nietzsche, caracteriza o surgimento da filosofia entre os gregos?
","{'A': 'O impulso para transformar, mediante justificativas, os elementos sensíveis em verdades racionais.', 'B': 'O desejo de explicar, usando metáforas, a origem dos seres e das coisas.', 'C': 'A necessidade de buscar, de forma racional, a causa primeira das coisas existentes.', 'D': 'A ambição de expor, de maneira metódica, as diferenças entre as coisas.', 'E': 'A tentativa de justificar, a partir de elementos empíricos, o que existe no real.'}",C
42,enem_2015,ch,azul,13,"[{'question_text': 'Trasímaco estava impaciente porque Sócrates e os seus amigos presumiam que a justiça era algo real e  importante. Trasímaco negava isso. Em seu entender, as pessoas acreditavam no certo e no errado apenas  por terem sido ensinadas a obedecer às regras da sua sociedade. No entanto, essas regras não passavam de  invenções humanas.  \n', 'question_text_reference': 'RACHELS, J. **Problemas da filosofia.** Lisboa: Gradiva, 2009.\n'}]","O sofista Trasímaco, personagem imortalizado no diálogo A República, de Platão, sustentava que a correlação entre justiça e ética é resultado de
","{'A': 'determinações biológicas impregnadas na natureza humana.', 'B': 'verdades objetivas com fundamento anterior aos interesses sociais.', 'C': 'mandamentos divinos inquestionáveis legados das tradições antigas.', 'D': 'convenções sociais resultantes de interesses humanos contingentes.', 'E': 'sentimentos experimentados diante de determinadas atitudes humanas.'}",D
43,enem_2019_2apl,ch,azul,52,"[{'question_text': 'Tomás de Aquino, filósofo cristão que viveu no século XIII, afirma: a lei é uma regra ou um preceito  relativo às nossas ações. Ora, a norma suprema dos atos humanos é a razão. Desse modo, em última  análise, a lei está submetida à razão; é apenas uma formulação das exigências racionais. Porém, é mister  que ela emane da comunidade, ou de uma pessoa que legitimamente a representa.\n', 'question_text_reference': 'GILSON, E.; BOEHNER, P. **História da filosofia cristã.** Petrópolis: Vozes, 1991 (adaptado).\n'}]","No contexto do século XIII, a visão política do filósofo mencionado retoma o
","{'A': 'pensamento idealista de Platão.', 'B': 'conformismo estoico de Sêneca.', 'C': 'ensinamento místico de Pitágoras.', 'D': 'paradigma de vida feliz de Agostinho.', 'E': 'conceito de bem comum de Aristóteles.'}",E
44,enem_2015_2apl,ch,branco,21,"[{'question_text': 'Suponha homens numa morada subterrânea, em forma de caverna, cuja entrada, aberta à luz, se estende  sobre todo o comprimento da fachada; eles estão lá desde a infância, as pernas e o pescoço presos por  correntes, de tal sorte que não podem trocar de lugar e só podem olhar para frente, pois os grilhões os impedem  de voltar a cabeça; a luz de uma fogueira acesa ao longe, numa elevada do terreno, brilha por detrás deles;  entre a fogueira e os prisioneiros, há um caminho ascendente; ao longo do caminho, imagine um pequeno  muro, semelhante aos tapumes que os manipuladores de marionetes armam entre eles e o público e sobre os  quais exibem seus prestígios.\n', 'question_text_reference': 'PLATÃO. **A República.** Lisboa: Fundação Calouste Gulbenkian, 2007.\n'}]","Essa narrativa de Platão é uma importante manifestação cultural do pensamento grego antigo, cuja ideia central,  do ponto de vista filosófico, evidencia o(a)
","{'A': 'caráter antropológico, descrevendo as origens do homem primitivo.', 'B': 'sistema penal da época, criticando o sistema  carcerário da sociedade ateniense.', 'C': 'vida cultural e artística, expressa por dramaturgos trágicos e cômicos gregos.', 'D': 'sistema político elitista, provindo do surgimento da pólis e da democracia ateniense.', 'E': 'teoria do conhecimento, expondo a passagem do mundo ilusório para o mundo das ideias.'}",E
45,enem_2021,ch,azul,82,"[{'question_text': 'Sócrates: “Quem não sabe o que uma coisa é, como poderia saber de que tipo de coisa ela é? Ou te parece ser possível alguém que não conhece absolutamente quem é Mênon, esse alguém saber se ele é belo, se é rico e ainda se é nobre? Parece-te ser isso possível? Assim, Mênon, que coisa afirmas ser a virtude?”.\n', 'question_text_reference': 'PLATÃO. **Mênon.** Rio de Janeiro: PUC-RIO; São Paulo: Loyola, 2001 (adaptado).\n'}]","A atitude apresentada na interlocução do filósofo com Mênon é um exemplo da utilização do(a)
","{'A': 'escrita epistolar', 'B': 'método dialético', 'C': 'linguagem trágica', 'D': 'explicação fisicalista', 'E': 'suspensão judicativa '}",B
46,enem_2020,ch,azul,77,"[{'question_text': 'Vemos que toda cidade é uma espécie de  comunidade, e toda comunidade se forma com vistas  a algum bem, pois todas as ações de todos os homens  são praticadas com vistas ao que lhe parece um bem;  se todas as comunidades visam algum bem, é evidente  que a mais importante de todas elas e que inclui todas as  outras tem mais que todas este objetivo e visa ao mais  importante de todos os bens. \n', 'question_text_reference': 'ARISTÓTELES. **Política.** Brasília: UnB, 1988.\n'}]","No fragmento, Aristóteles promove uma reflexão que associa dois elementos essenciais à discussão sobre a vida em comunidade, a saber:
","{'A': 'Ética e política, pois conduzem à eudaimonia.', 'B': 'Retórica e linguagem, pois cuidam dos discursos na ágora.', 'C': 'Metafísica e ontologia, pois tratam da filosofia primeira.', 'D': 'Democracia e sociedade, pois se referem a relações sociais.', 'E': 'Geração e corrupção, pois abarcam o campo da physis.'}",A
47,enem_2017_2apl,ch,azul,69,"[{'question_text': 'XI. Jamais, a respeito de coisa alguma, digas: ""Eu a perdi"", mas sim: ""Eu a restituí"". O filho morreu? Foi restituído. A mulher morreu? Foi restituída. ""A propriedade me foi subtraída"", então também foi restituída. ""Mas quem a subtraiu é mau"". O que te importa por meio de quem aquele que te dá a pede de volta? Na medida em que ele der, faz uso do mesmo modo de quem cuida das coisas de outrem. Do mesmo modo como fazem os que se instalam em uma hospedaria.\n', 'question_text_reference': 'EPICTETO. *Encheirídion*. In: DINUCCI, A. **Introdução ao Manual de Epicteto.** São Cristóvão: UFS, 2012 (adaptado).\n'}]","A característica do estoicismo presente nessa citação do filósofo grego Epicteto é
","{'A': 'explicar o mundo com números.', 'B': 'identificar a felicidade com o prazer.', 'C': 'aceitar os sofrimentos com serenidade.', 'D': 'questionar o saber científico com veemência.', 'E': 'considerar as convenções sociais com desprezo.'}",C
48,enem_2017_2apl,ch,azul,67,"[{'question_text': 'Dado que, dos hábitos racionais com os quais captamos a verdade, alguns são sempre verdadeiros, enquanto outros admitem o falso, como a opinião e o cálculo, enquanto o conhecimento científico e a intuição são empre verdadeiros, e dado que nenhum outro gênero de conhecimento é mais exato que o conhecimento científico, exceto a intuição, e, por outro lado, os princípios são mais conhecidos que as demonstrações, e dado que todo conhecimento científico constitui-se de maneira argumentativa, não pode haver conhecimento científico dos princípios, e dado que não pode haver nada mais verdadeiro que o conhecimento científico, exceto a intuição, a intuição deve ter por objeto os princípios.\n', 'question_text_reference': 'ARISTÓTELES. Segundos analíticos. In: REALE, G. **História da filosofia antiga.** São Paulo: Loyola, 1994.\n'}]","Os princípios, base da epistemologia aristotélica, pertencem ao domínio do(a):
","{'A': 'opinião, pois fazem parte da formação da pessoa.', 'B': 'cálculo, pois são demonstrados por argumentos.', 'C': 'conhecimento científico, pois admitem provas empíricas.', 'D': 'intuição, pois ela é mais exata que o conhecimento científico.', 'E': 'prática de hábitos racionais, pois com ela se capta a verdade.'}",D
49,enem_2022,ch,azul,88,"[{'question_text': 'Entretanto, nosso amigo Basso tem o ânimo alegre.  Isso resulta da filosofia: estar alegre diante da morte, forte  e contente qualquer que seja o estado do corpo, sem  desfalecer, ainda que desfaleça.\n', 'question_text_reference': 'SÊNECA, L. **Cartas morais.** Lisboa: Calouste Gulbenkian, 1990.\n'}]","O excerto refere-se a uma carta de Sêneca na qual se apresenta como um bem fundamental da filosofia promover a
","{'A': 'valorização de disputas dialógicas.', 'B': 'rejeição das convenções sociais.', 'C': 'inspiração de natureza religiosa.', 'D': 'exaltação do sofrimento.', 'E': 'moderação das paixões.'}",E
50,enem_2022,ch,azul,80,"[{'question_text': 'Advento da Polis, nascimento da filosofia: entre as  duas ordens de fenômenos, os vínculos são demasiado  estreitos para que o pensamento racional não apareça,  em suas origens, solidário das estruturas sociais e  mentais próprias da cidade grega. Assim recolocada na  história, a filosofia despoja-se desse caráter de revelação  absoluta que às vezes lhe foi atribuído, saudando, na  jovem ciência dos jônios, a razão intemporal que veio  encarnar-se no Tempo. A escola de Mileto não viu  nascer a Razão; ela construiu uma Razão, uma primeira  forma de racionalidade. Essa razão grega não é a razão  experimental da ciência contemporânea.\n', 'question_text_reference': 'VERNANT, J. P. **Origens do pensamento grego.** Rio de Janeiro: Difel, 2002.\n'}]","Os vínculos entre os fenômenos indicados no trecho foram fortalecidos pelo surgimento de uma categoria de pensadores, a saber:
","{'A': 'Os epicuristas, envolvidos com o ideal de vida feliz.', 'B': 'Os estoicos, dedicados à superação dos infortúnios.\t', 'C': 'Os sofistas, comprometidos com o ensino da retórica.', 'D': 'Os peripatéticos, empenhados na dinâmica do ensino.', 'E': 'Os poetas rapsodos, responsáveis pela narrativa do mito.'}",E
51,enem_2013,ch,azul,27,"[{'question_text': 'A felicidade é, portanto, a melhor, a mais nobre e a mais aprazível coisa do mundo, e esses atributos não devem estar separados como na inscrição existente em Delfos “das coisas, a mais nobre é a mais justa, e a melhor é a saúde; porém a mais doce é ter o que amamos”. Todos estes atributos estão presentes nas mais excelentes atividades, e entre essas a melhor, nós a identificamos como felicidade.\n', 'question_text_reference': 'ARISTÓTELES. **A Política.** São Paulo: Cia. das Letras, 2010.\n'}]","Ao reconhecer na felicidade a reunião dos mais excelentes atributos, Aristóteles a identifica como
","{'A': 'busca por bens materiais e títulos de nobreza.', 'B': 'plenitude espiritual e ascese pessoal.', 'C': 'finalidade das ações e condutas humanas.', 'D': 'conhecimento de verdades imutáveis e perfeitas.', 'E': 'expressão do sucesso individual e reconhecimento público.'}",C
52,enem_2015_2apl,ch,branco,42,"[{'question_text': 'A utilidade do escravo é semelhante à do animal. Ambos prestam serviços corporais para atender às necessidades da vida. A natureza faz o corpo do escravo e do homem livre de forma diferente. O escravo tem corpo forte, adaptado naturalmente ao trabalho servil. Já o homem livre tem corpo ereto, inadequado ao trabalho braçal, porém apto à vida do cidadão.\n', 'question_text_reference': 'ARISTÓTELES. **Política.** Brasília: UnB, 1985.\n'}]","O trabalho braçal é considerado, na filosofia aristotélica, como
","{'A': 'indicador da imagem do homem no estado de natureza.', 'B': 'condição necessária para a realização da virtude humana.', 'C': 'atividade que exige força física e uso limitado da racionalidade.', 'D': 'referencial que o homem deve seguir para viver uma vida ativa.', 'E': 'mecanismo de aperfeiçoamento do trabalho por meio da experiência.'}",C
53,enem_2017,ch,azul,88,"[{'question_text': 'Se, pois, para as coisas que fazemos existe um fim que desejamos por ele mesmo e tudo o mais é desejado no interesse desse fim; evidentemente tal fim será o bem, ou antes, o sumo bem. Mas não terá o conhecimento, porventura, grande influência sobre essa vida? Se assim é, esforcemo-nos por determinar, ainda que em linhas gerais apenas, o que seja ele e de qual das ciências ou faculdades constitui o objeto. Ninguém duvidará de que o seu estudo pertença à arte mais prestigiosa e que mais verdadeiramente se pode chamar a arte mestra. Ora, a política mostra ser dessa natureza, pois é ela que determina quais as ciências que devem ser estudadas num Estado, quais são as que cada cidadão deve aprender, e até que ponto; e vemos que até as faculdades tidas em maior apreço, como a estratégia, a economia e a retórica, estão sujeitas a ela. Ora, como a política utiliza as demais ciências e, por outro lado, legisla sobre o que devemos e o que não devemos fazer, a finalidade dessa ciência deve abranger as das outras, de modo que essa finalidade será o bem humano.\n', 'question_text_reference': 'ARISTÓTELES. **Ética a Nicômaco.** In: Pensadores. São Paulo: Nova Cultural, 1991 (adaptado).\n'}]","Para Aristóteles, a relação entre o sumo bem e a organização da pólis pressupõe que
","{'A': 'o bem dos indivíduos consiste em cada um perseguir seus interesses.', 'B': 'o sumo bem é dado pela fé de que os deuses são os portadores da verdade.', 'C': 'a política é a ciência que precede todas as demais na organização da cidade.', 'D': 'a educação visa formar a consciência de cada pessoa para agir corretamente.', 'E': 'a democracia protege as atividades políticas necessárias para o bem comum.'}",C
54,enem_2019_2apl,ch,azul,90,"[{'question_text': 'Vimos que o homem sem lei é injusto e o respeitador da lei é justo; evidentemente todos os atos legítimos são, em certo sentido, atos justos, porque os atos prescritos pela arte do legislador são legítimos e cada um deles é justo. Ora, nas disposições que tomam sobre todos os assuntos, as leis têm em mira a vantagem comum, quer de todos, quer dos melhores ou daqueles que detêm o poder ou algo desse gênero; de modo que, em certo sentido, chamamos justos aqueles atos que tendem a produzir e a preservar, para a sociedade política, a felicidade e os elementos que a compõem.\n', 'question_text_reference': 'ARISTÓTELES. **A política.** São Paulo: Cia. das Letras, 2010 (adaptado).\n'}]","De acordo com o texto de Aristóteles, o legislador deve agir conforme a
","{'A': 'moral e a vida privada.', 'B': 'virtude e os interesses públicos.', 'C': 'utilidade e os critérios pragmáticos.', 'D': 'lógica e os princípios metafísicos.', 'E': 'razão e as verdades transcendentes.'}",B
55,enem_2015_2apl,ch,branco,22,"[{'question_text': 'Se os nossos adversários, que admitem a existência de uma natureza não criada por Deus, o Sumo Bem, quisessem admitir que essas considerações estão certas, deixariam de proferir tantas blasfêmias, como a de atribuir a Deus tanto a autoria dos bens quanto dos males. Pois sendo Ele fonte suprema da Bondade, nunca poderia ter criado aquilo que é contrário à sua natureza.', 'question_text_reference': 'AGOSTINHO. **A natureza do Bem.** Rio de Janeiro: Sétimo Selo, 2005 (adaptado).'}]","Para Agostinho, não se deve atribuir a Deus a origem do mal porque","{'A': 'o surgimento do mal é anterior à existência de Deus.', 'B': 'o mal, enquanto princípio ontológico, independe de Deus.', 'C': 'Deus apenas transforma a matéria, que é, por natureza, má.', 'D': 'por ser bom, Deus não pode criar o que lhe é oposto, o mal.', 'E': 'Deus se limita a administrar a dialética existente entre o bem e o mal.'}",D
56,enem_2015,ch,azul,17,"[{'question_text': 'Ora, em todas as coisas ordenadas a algum fim, é preciso haver algum dirigente, pelo qual se atinja diretamente o devido fim. Com efeito, um navio, que se move para diversos lados pelo impulso dos ventos contrários, não chegaria ao fim de destino, se por indústria do piloto não fosse dirigido ao porto; ora, tem o homem um fim, para o qual se ordenam toda a sua vida e ação. Acontece, porém, agirem os homens de modos diversos em vista do fim, o que a própria diversidade dos esforços e ações humanas comprova. Portanto, precisa o homem de um dirigente para o fim.', 'question_text_reference': 'AQUINO, T. Do reino ou do governo dos homens: ao rei do Chipre. **Escritos políticos de São Tomás de Aquino.** Petrópolis: Vozes, 1995 (adaptado).'}]","No trecho citado, Tomás de Aquino justifica a monarquia como o regime de governo capaz de","{'A': 'refrear os movimentos religiosos contestatórios.', 'B': 'promover a atuação da sociedade civil na vida política.', 'C': 'unir a sociedade tendo em vista a realização do bem comum.', 'D': 'reformar a religião por meio do retorno à tradição helenística.', 'E': 'dissociar a relação política entre os poderes temporal e espiritual.'}",C
57,enem_2025_2apl,ch,azul,49,"[{'question_text': 'O perdão não é o esquecimento. Ao contrário, ele requer a memória absolutamente viva do que não se pode esquecer, para além de todo trabalho do luto, de reconciliação, de restauração. Apenas se pode perdoar lembrando-se, sem atenuar, o malfeito, aquilo que se tem a perdoar. Se apenas perdoo o que é perdoável, o pecado não mortal, não faço nada que mereça o nome de perdão. O que é perdoável está de antemão perdoado. Daí a aporia: apenas se tem a perdoar o imperdoável. O único perdão possível é, portanto, realmente o perdão impossível.', 'question_text_reference': 'DERRIDA, J. **Papel máquina.** São Paulo: Estação Liberdade, 2004.'}]",O conceito de perdão apresentado no texto pressupõe a necessidade de,"{'A': 'dirigir um apelo ético também à vítima.', 'B': 'isentar de culpabilidade moral o ofensor.', 'C': 'reaproximar de forma imediata os envolvidos.', 'D': 'exigir uma reparação efetiva pela dor causada.', 'E': 'evidenciar o caráter religioso da ação de desculpar.'}",A
58,enem_2025_2apl,ch,azul,52,"[{'question_text': 'Ainda que instituições não recorram a castigos violentos ou sangrentos, mesmo quando utilizam métodos “suaves” de trancar ou corrigir, é sempre do corpo que se trata — do corpo e suas forças, da utilidade e docilidade deles, de sua repartição e de sua submissão.', 'question_text_reference': 'FOUCAULT, M. **Vigiar e punir.** Petrópolis: Vozes, 1995 (adaptado).'}]",A forma de exercício de poder indicada no texto é caracterizada como:,"{'A': 'Ideológica, associada à dominação da consciência.', 'B': 'Midiática, apoiada na manipulação afetivo-sentimental.', 'C': 'Disciplinar, fundamentada na diluição espaço-temporal.', 'D': 'Autoritária, conduzida pela imposição coercitiva.', 'E': 'Carismática, motivada pela fascinação pessoal.'}",C
59,enem_2025_2apl,ch,azul,67,"[{'question_text': 'Pensa-se que é característico de uma pessoa de discernimento ser capaz de deliberar bem acerca do que é bom e conveniente para si mesma, não em relação a um aspecto particular — por exemplo, quando se quer saber quais as espécies de coisas que concorrem para a saúde e para o vigor físico —, e sim acerca das espécies de coisas que nos levam a viver bem de um modo geral. O discernimento deve ser então uma qualidade que leva à verdade no tocante às ações relacionadas com os bens humanos.', 'question_text_reference': 'ARISTÓTELES. Ética a Nicômaco. In: MARCONDES, D. (Org.). **Textos básicos de Ética.** Rio de Janeiro: Zahar, 2008 (adaptado).'}]","Conforme o trecho filosófico, a pessoa capaz de bem decidir é dotada de uma qualidade","{'A': 'teórica, voltada para o rigor da pesquisa.', 'B': 'racional, voltada para a orientação das escolhas.', 'C': 'pragmática, voltada para o desenvolvimento de projetos.', 'D': 'filosófica, voltada para a delimitação de opiniões.', 'E': 'social, voltada para a criação da arte.'}",B
61,enem_2025_2apl,ch,azul,82,"[{'question_text': 'Sem negar que Deus prevê todos os acontecimentos futuros, entretanto nós queremos livremente aquilo que queremos. Porque, se o objeto da presciência divina é a nossa vontade, é essa mesma vontade assim prevista que se realizará. Haverá, pois, um ato de vontade livre, já que Deus vê esse ato livre com antecedência.', 'question_text_reference': 'AGOSTINHO. **O livre-arbítrio.** São Paulo: Paulus, 1995 (adaptado).'}]","Refletindo sobre o Deus onisciente e suas criaturas, o autor sustenta a","{'A': 'existência do saber divino em cooperação com o conhecimento humano.', 'B': 'prevalência da liberdade humana diante da facticidade.', 'C': 'precedência da cognição transcendental sobre o agir humano.', 'D': 'conformação da natureza humana perante os acontecimentos no mundo.', 'E': 'autonomia do indivíduo a despeito das necessidades inerentes à condição humana.'}",C
62,enem_2023,ch,azul,54,"[{'question_text': 'Eu poderia concluir que a raiva é um pensamento, que estar com raiva é pensar que alguém é detestável, e que esse pensamento, como todos os outros — assim como Descartes o mostrou —, não poderia residir em nenhum fragmento de matéria. A raiva seria, portanto, espírito. Porém, quando me volto para minha própria experiência da raiva, devo confessar que ela não estava fora do meu corpo, mas inexplicavelmente nele.', 'question_text_reference': 'MERLEAU-PONTY, M. **Quinta conversa: o homem visto de fora.** São Paulo: Martins Fontes, 1948 (adaptado).'}]","No que se refere ao problema do corpo, a filosofia cartesiana apresenta-se como contraponto ao entendimento expresso no texto por","{'A': 'apresentar uma visão dualista.', 'B': 'confirmar uma tese naturalista.', 'C': 'demonstrar uma premissa realista.', 'D': 'sustentar um argumento idealista.', 'E': 'defender uma posição intencionalista.'}",A
63,enem_2023,ch,azul,57,"[{'question_text': 'Quem se mete pelo caminho do pedido de perdão deve estar pronto a escutar uma palavra de recusa. Entrar na atmosfera do perdão é aceitar medir-se com a possibilidade sempre aberta do imperdoável. Perdão pedido não é perdão a que se tem direito [devido]. É com o preço destas reservas que a grandeza do perdão se manifesta.', 'question_text_reference': 'RICOEUR, P. **O perdão pode curar.** Disponível em: www.lusosofia.net. Acesso em: 14 out. 2019.'}]",A reflexão sobre o perdão apresentada no texto encontra fundamento na(s),"{'A': 'rejeição particular amparada pelo desejo de poder.', 'B': 'decisão subjetiva determinada pela vontade divina.', 'C': 'liberdade mitigada pela predestinação do espírito.', 'D': 'escolhas humanas definidas pelo conhecimento empírico.', 'E': 'relações interpessoais mediadas pela autonomia dos indivíduos.'}",E
64,enem_2023,ch,azul,81,"[{'question_text': 'A economia das ilegalidades se reestruturou com o desenvolvimento da sociedade capitalista. A ilegalidade dos bens foi separada da ilegalidade dos direitos. Divisão que corresponde a uma oposição de classes, pois, de um lado, a ilegalidade mais acessível às classes populares será a dos bens — transferência violenta das propriedades; de outro, à burguesia, então, se reservará a ilegalidade dos direitos: a possibilidade de desviar seus próprios regulamentos e suas próprias leis; e essa grande redistribuição das ilegalidades se traduzirá até por uma especialização dos circuitos judiciários; para as ilegalidades de bens — para o roubo — os tribunais ordinários e os castigos; para as ilegalidades de direitos — fraudes, evasões fiscais, operações comerciais irregulares — jurisdições especiais com transações, acomodações, multas atenuadas etc.', 'question_text_reference': 'FOUCAULT, M. **Vigiar e punir: nascimento da prisão.** Petrópolis: Vozes, 1987.'}]",O texto apresenta uma relação de cálculo político-econômico que caracteriza o poder punitivo por meio da,"{'A': 'gestão das ilicitudes pelo sistema judicial.', 'B': 'aplicação das sanções pelo modelo equânime.', 'C': 'supressão dos crimes pela penalização severa.', 'D': 'regulamentação dos privilégios pela justiça social.', 'E': 'repartição de vantagens pela hierarquização cultural.'}",A
65,enem_2023,ch,azul,55,"[{'question_text': 'A diversão é o prolongamento do trabalho sob o capitalismo tardio. Ela é procurada por quem quer escapar ao processo de trabalho mecanizado para se pôr de novo em condições de enfrentá-lo. Mas, ao mesmo tempo, a mecanização atingiu um tal poderio sobre a pessoa em seu lazer e sobre a sua felicidade, ela determina tão profundamente a fabricação das mercadorias destinadas à diversão que essa pessoa não pode mais perceber outra coisa senão as cópias que reproduzem o próprio processo de trabalho.', 'question_text_reference': 'ADORNO, T.; HORKHEIMER, M. **Dialética do esclarecimento.** Rio de Janeiro: Zahar, 1997.'}]","No texto, o tempo livre é concebido como","{'A': 'consumo de produtos culturais elaborados no mesmo sistema produtivo do capitalismo.', 'B': 'forma de realizar as diversas potencialidades da natureza humana.', 'C': 'alternativa para equilibrar tensões psicológicas do dia a dia.', 'D': 'promoção da satisfação de necessidades artificiais.', 'E': 'mecanismo de organização do ócio e do prazer.'}",A
66,enem_2023,ch,azul,79,"[{'question_text_title': 'TEXTO I', 'question_text': 'Gerineldo dorme porque já está conformado com o seu mundo. Porque já sabe tudo o que lhe pode acontecer após haver submetido todos os objetos que o rodeiam a um minucioso inventário de possibilidades. Seu apartamento, mais que um apartamento, é uma teoria de sorte e de azar. Melhor que ninguém, Gerineldo conhece o coeficiente da dilatação de suas janelas e mantém marcado no termômetro, com uma linha vermelha, o ponto em que se quebrarão os vidros, despedaçados em estilhaços de morte. Sabe que os arquitetos e os engenheiros já previram tudo, menos o que nunca já aconteceu.', 'question_text_reference': 'MÁRQUEZ, G. G. O pessimista. In: **Textos do Caribe.** Rio de Janeiro: Record, 1981.'}, {'question_text_title': 'TEXTO II', 'question_text': 'A situação é o sujeito inteiro (ele não é nada a não ser a sua situação) e é também a coisa inteira (nunca há mais nada senão as coisas). É o sujeito a elucidar as coisas pela sua própria superação, se assim quisermos; ou são as coisas a reenviar ao sujeito a imagem dele. É a total facticidade, a contingência absoluta do mundo, do meu nascimento, do meu lugar, do meu passado, dos meus redores — e é a minha liberdade sem limites que faz com que haja para mim uma facticidade.', 'question_text_reference': 'SARTRE, J.-P. **O ser e o nada: ensaio de ontologia fenomenológica.** Petrópolis: Vozes, 1997 (adaptado).'}]",A postura determinista adotada pelo personagem Gerineldo contrasta com a ideia existencialista contida no pensamento filosófico de Sartre porque,"{'A': 'evidencia a manifestação do inconsciente.', 'B': 'nega a possibilidade de transcendência.', 'C': 'contraria o conhecimento difuso.', 'D': 'sustenta a fugacidade da vida.', 'E': 'refuta a evolução biológica.'}",B
67,enem_2023_2apl,ch,azul,46,"[{'question_text': 'O Estado surge pelo fato de ser o homem um animal naturalmente social, político. O Estado provê, inicialmente, a satisfação daquelas necessidades materiais, negativas e positivas, defesa e segurança, conservação e engrandecimento, de outro modo irrealizáveis. Mas o seu fim essencial é espiritual, isto é, deve promover a virtude e, consequentemente, a felicidade dos súditos mediante a ciência.', 'question_text_reference': 'ARISTÓTELES. **A política.** São Paulo: Martins Fontes, 2006 (adaptado).'}]","Segundo o autor, é função do Estado garantir o(a)","{'A': 'justiça divina, pregando a salvação eterna dos fiéis.', 'B': 'soberania, respeitando a autonomia dos três poderes.', 'C': 'propriedade privada, protegendo o direito natural inalienável.', 'D': 'vida ética, proporcionando a formação moral dos cidadãos.', 'E': 'direito de resistência, suprimindo governos considerados impopulares.'}",D
68,enem_2023_2apl,ch,azul,48,"[{'question_text': 'Estudiosos do Instituto de Antropologia Evolucionária de Leipzig, na Alemanha, colocaram um chimpanzé em um quarto com a visão de suculentos pedaços de comida trancados dentro de um armário. A um segundo chimpanzé era dada, então, a oportunidade de liberar a comida, porém, sem usufruir dela. Em aproximadamente 80% das vezes, eles tomaram a decisão mais caridosa e liberaram o alimento para o outro chimpanzé.', 'question_text_reference': '**Estudos mostram caridade no mundo animal.** Disponível em: http://revistagalileu.globo.com. Acesso em: 17 out. 2021.'}]","Considerando nossa relação com outros, o experimento envolvendo os chimpanzés ilustra qual tipo de comportamento moral humano?","{'A': 'Hedonista, anseia o prazer pessoal.', 'B': 'Altruísta, promove o bem-estar imparcial.', 'C': 'Retributivo, busca um retorno equivalente.', 'D': 'Deontológico, cumpre uma obrigação formal.', 'E': 'Meritocrático, valoriza o merecimento individual.'}",B
69,enem_2023_2apl,ch,azul,59,"[{'question_text': 'A concepção tecnocrata está associada à fé em mercados — não necessariamente no capitalismo livre, laissez-faire, mas uma crença mais ampla de que mecanismos de mercado são os principais instrumentos para alcançar o bem público. Esse modo de pensar é tecnocrático, no sentido de que esvazia o discurso público de argumentos substantivamente morais e questões ideologicamente contestáveis como se fossem assuntos de eficiência econômica, domínio de especialistas. A verdadeira divisão, argumentaram eles, não era mais esquerda versus direita, mas aberto versus fechado. Isso insinuava que os contrários à terceirização, tratados de livre-comércio e fluxos de capitais irrestritos eram pessoas de mente fechada, não de mente aberta; eram tribais, não globais.', 'question_text_reference': 'SANDEL, M. J. **A tirania do mérito: o que aconteceu ao bem comum? **Rio de Janeiro: Civilização Brasileira, 2020 (adaptado).'}]",A crítica ao modelo de pensamento apresentado no texto fundamenta-se na postura de desvalorização do(a),"{'A': 'sistema financeiro.', 'B': 'participação política.', 'C': 'intercâmbio comercial.', 'D': 'produção exportadora.', 'E': 'comportamento diplomático.'}",B
70,enem_2023_2apl,ch,azul,81,"[{'question_text': 'Os valores políticos são valores efetivamente superiores, que regem o quadro básico da vida social e definem precisamente os termos fundamentais da cooperação política e social. Na teoria da justiça como equidade, alguns desses valores políticos são expressos pelos princípios de justiça para a estrutura básica: a liberdade política e civil igual para todos, a justa igualdade das oportunidades, a reciprocidade econômica, as bases sociais do respeito mútuo entre os cidadãos.', 'question_text_reference': 'RAWLS, J. **Justiça e democracia.** São Paulo: Martins Fontes, 2000 (adaptado).'}]","Conforme descrito no texto, a teoria da justiça como equidade é mais adequada ao regime político","{'A': 'fascista.', 'B': 'totalitário.', 'C': 'despótico.', 'D': 'autocrático.', 'E': 'democrático.'}",E
71,enem_2023_2apl,ch,azul,87,"[{'question_text': 'As propostas dele não devem ser levadas a sério, pois foi visto bêbado num restaurante.', 'question_text_reference': 'GALINDO, R. **20 falácias (e as eleições).** Disponível em: www.gazetadopovo.com.br. Acesso em: 17 out. 2021 (adaptado).'}]","A afirmação, eficaz como mecanismo de persuasão de eleitores em contextos políticos, constitui-se como uma falácia porque","{'A': 'recorre à circularidade e afirma as suas teses.', 'B': 'ataca a pessoa e desconsidera as suas ideias.', 'C': 'aceita a conclusão e refuta as suas premissas.', 'D': 'evoca a maioria e apresenta os seus argumentos.', 'E': 'apela à autoridade e investiga os seus fundamentos.'}",B
72,enem_2023_2apl,ch,azul,66,"[{'question_text': 'Suponha-se que seja trazida de súbito a este mundo uma pessoa dotada das mais poderosas faculdades da razão e reflexão. É verdade que ela observaria imediatamente um acontecimento seguindo-se a outro, mas não conseguiria descobrir nada além disso. Ela não seria, no início, capaz de apreender, por meio de nenhum raciocínio, a ideia de causa e efeito.', 'question_text_reference': 'HUME, D. **Investigação sobre o entendimento humano e sobre os princípios da moral.** São Paulo: Unesp, 2003.'}]","Segundo Hume, nossa capacidade de estabelecer relações como aquelas mencionadas no texto resulta do(a)","{'A': 'representação construída pela assimilação dos juízos universais.', 'B': 'hábito desenvolvido pela repetição de uma operação.', 'C': 'testemunho proveniente de relato de terceiros.', 'D': 'intuição formada pela atividade mental pura.', 'E': 'reminiscência advinda de vidas passadas.'}",B
73,enem_2022,ch,azul,57,"[{'question_text': 'O leproso é visto dentro de uma prática da rejeição, do exílio-cerca; deixa-se que se perca lá dentro como numa massa que não tem muita importância diferenciar; os pestilentos são considerados num policiamento tático meticuloso onde as diferenciações individuais são os efeitos limitantes de um poder que se multiplica, se articula e se subdivide. O grande fechamento por um lado; o bom treinamento por outro. A lepra e sua divisão; a peste e seus recortes. Uma é marcada; a outra, analisada e repartida. O exílio do leproso e a prisão da peste não trazem consigo o mesmo sonho político.', 'question_text_reference': 'FOUCAULT, M. **Vigiar e punir: nascimento da prisão.** Petrópolis: Vozes, 1987.'}]",Os modelos autoritários descritos no texto apontam para um sistema de controle que se baseia no(a):,"{'A': 'Formação de sociedade disciplinar.', 'B': 'Flexibilização do regramento social.', 'C': 'Banimento da autoridade repressora.', 'D': 'Condenação da degradação humana.', 'E': 'Hierarquização da burocracia estatal.'}",A
74,enem_2022,ch,azul,84,"[{'question_text_title': 'TEXTO I', 'question_text': 'Uma filosofia da percepção que queira reaprender a ver o mundo restituirá à pintura e às artes em geral seu lugar verdadeiro.', 'question_text_reference': 'MERLEAU-PONTY, M. **Conversas: 1948.** São Paulo: Martins Fontes, 2004.'}, {'question_text_title': 'TEXTO II', 'question_text': 'Os grandes autores de cinema nos pareceram confrontáveis não apenas com pintores, arquitetos, músicos, mas também com pensadores. Eles pensam com imagens, em vez de conceitos.', 'question_text_reference': 'DELEUZE, G. **Cinema 1: a imagem-movimento.** São Paulo: Brasiliense, 1983 (adaptado).'}]",De que modo os textos sustentam a existência de um saber ancorado na sensibilidade?,"{'A': 'Admitindo o belo como fenômeno transcendental.', 'B': 'Reafirmando a vivência estética como juízo de gosto.', 'C': 'Considerando o olhar como experiência de conhecimento.', 'D': 'Apontando as formas de expressão como auxiliares da razão.', 'E': 'Estabelecendo a inteligência como implicação das representações.'}",C
75,enem_2022,ch,azul,47,"[{'question_text': 'Sempre que a relevância do discurso entra em jogo, a questão torna-se política por definição, pois é o discurso que faz do homem um ser político. E tudo que os homens fazem, sabem ou experimentam só tem sentido na medida em que pode ser discutido. Haverá, talvez, verdades que ficam além da linguagem e que podem ser de grande relevância para o homem no singular, isto é, para o homem que, seja o que for, não é um ser político. Mas homens no plural, isto é, os homens que vivem e se movem e agem neste mundo, só podem experimentar o significado das coisas por poderem falar e ser inteligíveis entre si e consigo mesmos.', 'question_text_reference': 'ARENDT, H. **A condição humana.** Rio de Janeiro: Forense Universitária, 2004.'}]","No trecho, a filósofa Hannah Arendt mostra a importância da linguagem no processo de","{'A': 'entendimento da cultura.', 'B': 'aumento da criatividade.', 'C': 'percepção da individualidade.', 'D': 'melhoria da técnica.', 'E': 'construção da sociabilidade.'}",E
76,enem_2022,ch,azul,86,"[{'question_text': 'Empédocles estabelece quatro elementos corporais — fogo, ar, água e terra —, que são eternos e que mudam aumentando e diminuindo mediante mistura e separação; mas os princípios propriamente ditos, pelos quais aqueles são movidos, são o Amor e o Ódio. Pois é preciso que os elementos permaneçam alternadamente em movimento, sendo ora misturados pelo Amor, ora separados pelo Ódio.', 'question_text_reference': 'SIMPLÍCIO. Física, 25, 21. In: **Os pré-socráticos.** São Paulo: Nova Cultural, 1996.'}]","O texto propõe uma reflexão sobre o entendimento de Empédocles acerca da arché, uma preocupação típica do pensamento pré-socrático, porque","{'A': 'exalta a investigação filosófica.', 'B': 'transcende ao mundo sensível.', 'C': 'evoca a discussão cosmogônica.', 'D': 'fundamenta as paixões humanas.', 'E': 'corresponde à explicação mitológica.'}",C
77,enem_2022_2apl,ch,azul,63,"[{'question_text': 'A um príncipe, portanto, não é necessário ter de fato todas as qualidades, mas é indispensável parecer tê-las. Aliás, ousarei dizer que, se as tiver e utilizar sempre, serão danosas, enquanto, se parecer tê-las, serão úteis. Assim, deves parecer clemente, fiel, humano, íntegro, religioso — e sê-lo, mas com a condição de estares com o ânimo disposto a, quando necessário, não o seres, de modo que possas e saibas como tornar-te o contrário.', 'question_text_reference': 'MAQUIAVEL, N. **O príncipe.** São Paulo: Martins Fontes, 2004 (adaptado).'}]","Segundo o autor, a conquista e a conservação do poder político exigem a","{'A': 'flexibilidade moral do monarca.', 'B': 'retomada dos valores cristãos.', 'C': 'consulta periódica dos cidadãos.', 'D': 'adoção do imperativo categórico.', 'E': 'liberdade incondicional do estadista.'}",A
78,enem_2022_2apl,ch,azul,84,"[{'question_text': 'Em primeiro lugar, é preciso libertar-se do preconceito segundo o qual a filosofia é apenas uma disciplina particular, apenas o trabalho de um círculo restrito de pessoas que dedicam sua atividade a refletir e a indagar sobre certos tipos de problemas. A filosofia é isso também, mas não só. Deve haver uma filosofia como ato existencial, que faz do homem um ente que pergunta, duvida, teme e age para dominar o futuro.', 'question_text_reference': 'ABBAGNANO, N. **Introdução ao existencialismo.**São Paulo: Martins Fontes, 2001 (adaptado).'}]","De acordo com a corrente de pensamento do século XX da qual o texto trata, o tema fundamental da filosofia é o(a)","{'A': 'realidade humana, seu sentido e possibilidades.', 'B': 'mundo físico, sua essência e leis reguladoras.', 'C': 'lógica, suas inferências e estudos de validade.', 'D': 'imaginação, seus objetos e contribuições.', 'E': 'conhecimento, sua natureza e condições.'}",A
79,enem_2022_2apl,ch,azul,88,"[{'question_text_title': 'TEXTO I', 'question_text': 'A sociedade cultiva a violência, inculcando-a nos indivíduos como virtude do homem forte, do homem corajoso, do homem honrado, que se arrisca a morrer para defender os “valores” que dão sentido à sua vida.', 'question_text_reference': 'MULLER, J. M. **O princípio da não violência: uma trajetória filosófica.**São Paulo: Palas Athena, 2007.'}, {'question_text_title': 'TEXTO II', 'question_text': 'A ideia de a humanidade tomar seu destino nas próprias mãos somente faz sentido se atribuirmos consciência e propósito à espécie; as espécies são apenas correntes na flutuação aleatória dos genes.', 'question_text_reference': 'GRAY, J. **Cachorros de palha: reflexões sobre humanos e outros animais.**São Paulo: Record, 2002.'}]","Os textos articulam argumentos em torno de dois modelos explicativos da condição humana. Esses dois modelos caracterizam-se, respectivamente, por valorizar como determinantes dessa condição elementos","{'A': 'estéticos e éticos.', 'B': 'místicos e científicos.', 'C': 'culturais e biológicos.', 'D': 'emocionais e racionais.', 'E': 'voluntaristas e possibilistas.'}",C
80,enem_2022_2apl,ch,azul,62,"[{'question_text': 'A velha potência de morte em que se simbolizava o poder soberano é agora, cuidadosamente, recoberta pela administração dos corpos. Aparecimento, também, nos terrenos das práticas políticas e observações econômicas, dos problemas de natalidade, longevidade, saúde pública, habitação e migração.', 'question_text_reference': 'FOUCAULT, M. **História da sexualidade I: a vontade de saber. **Rio de Janeiro: Graal, 1988 (adaptado).'}]","O texto aponta para a emergência, a partir de meados do século XIX, de um novo tipo de gestão da sociedade ocidental, centrado na","{'A': 'ordenação calculista das vidas.', 'B': 'exposição ostensiva das punições.', 'C': 'distribuição igualitária das riquezas.', 'D': 'supressão estratégica das fronteiras.', 'E': 'espacialização controlada das classes.'}",A
81,enem_2019,ch,azul,51,"[{'question_text': 'Em sentido geral e fundamental, Direito é a técnica da coexistência humana, isto é, a técnica voltada a tornar possível a coexistência dos homens. Como técnica, o Direito se concretiza em um conjunto de regras (que, nesse caso, são leis ou normas); e tais regras têm por objeto o comportamento intersubjetivo, isto é, o comportamento recíproco dos homens entre si.', 'question_text_reference': 'ABBAGNANO, N. **Dicionário de Filosofia. **São Paulo: Martins Fontes, 2007.'}]","O sentido geral e fundamental do Direito, conforme foi destacado, refere-se à","{'A': 'aplicação de códigos legais.', 'B': 'regulação do convívio social.', 'C': 'legitimação de decisões políticas.', 'D': 'mediação de conflitos econômicos.', 'E': 'representação da autoridade constituída.'}",B
82,enem_2019,ch,azul,58,"[{'question_text': 'De fato, não é porque o homem pode usar a vontade livre para pecar que se deve supor que Deus a concedeu para isso. Há, portanto, uma razão pela qual Deus deu ao homem esta característica, pois sem ela não poderia viver e agir corretamente. Pode-se compreender, então, que ela foi concedida ao homem para esse fim, considerando-se que se um homem a usa para pecar, recairão sobre ele as punições divinas. Ora, isso seria injusto se a vontade livre tivesse sido dada ao homem não apenas para agir corretamente, mas também para pecar. Na verdade, por que deveria ser punido aquele que usasse sua vontade para o fim para o qual ela lhe foi dada?', 'question_text_reference': 'AGOSTINHO. **O livre-arbítrio.** In: MARCONDES, D. Textos básicos de ética. Rio de Janeiro: Jorge Zahar, 2008.'}]","Nesse texto, o filósofo cristão Agostinho de Hipona sustenta que a punição divina tem como fundamento o(a)","{'A': 'desvio da postura celibatária.', 'B': 'insuficiência da autonomia moral.', 'C': 'afastamento das ações de desapego.', 'D': 'distanciamento das práticas de sacrifício.', 'E': 'violação dos preceitos do Velho Testamento.'}",B
83,enem_2019,ch,azul,65,"[{'question_text': 'Para Maquiavel, quando um homem decide dizer a verdade pondo em risco a própria integridade física, tal resolução diz respeito apenas a sua pessoa. Mas se esse mesmo homem é um chefe de Estado, os critérios pessoais não são mais adequados para decidir sobre ações cujas consequências se tornam tão amplas, já que o prejuízo não será apenas individual, mas coletivo. Nesse caso, conforme as circunstâncias e os fins a serem atingidos, pode-se decidir que o melhor para o bem comum seja mentir.', 'question_text_reference': 'ARANHA, M. L. **Maquiavel: a lógica da força.**São Paulo: Moderna, 2006 (adaptado).'}]",O texto aponta uma inovação na teoria política na época moderna expressa na distinção entre,"{'A': 'idealidade e efetividade da moral.', 'B': 'nulidade e preservabilidade da liberdade.', 'C': 'ilegalidade e legitimidade do governante.', 'D': 'verificabilidade e possibilidade da verdade.', 'E': 'objetividade e subjetividade do conhecimento.'}",A
84,enem_2019,ch,azul,67,"[{'question_text_title': 'TEXTO I', 'question_text': 'Considero apropriado deter-me algum tempo na contemplação deste Deus todo perfeito, ponderar totalmente à vontade seus maravilhosos atributos, considerar, admirar e adorar a incomparável beleza dessa imensa luz.', 'question_text_reference': 'DESCARTES, R. **Meditações.** São Paulo: Abril Cultural, 1980.'}, {'question_text_title': 'TEXTO II', 'question_text': 'Qual será a forma mais razoável de entender como é o mundo? Existirá alguma boa razão para acreditar que o mundo foi criado por uma divindade todo-poderosa? Não podemos dizer que a crença em Deus é “apenas” uma questão de fé.', 'question_text_reference': 'RACHELS, J. **Problemas da filosofia.** Lisboa: Gradiva, 2009.'}]",Os textos abordam um questionamento da construção da modernidade que defende um modelo,"{'A': 'centrado na razão humana.', 'B': 'baseado na explicação mitológica.', 'C': 'fundamentado na ordenação imanentista.', 'D': 'focado na legitimação contratualista.', 'E': 'configurado na percepção etnocêntrica.'}",A
85,enem_2019,ch,azul,74,"[{'question_text': 'Penso que não há um sujeito soberano, fundador, uma forma universal de sujeito que poderíamos encontrar em todos os lugares. Penso, pelo contrário, que o sujeito se constitui através das práticas de sujeição ou, de maneira mais autônoma, através de práticas de liberação, de liberdade, como na Antiguidade — a partir, obviamente, de um certo número de regras, de estilos, que podemos encontrar no meio cultural.', 'question_text_reference': 'FOUCAULT, M. **Ditos e escritos V: ética, sexualidade, política.**Rio de Janeiro: Forense Universitária, 2004.'}]",O texto aponta que a subjetivação se efetiva numa dimensão,"{'A': 'legal, pautada em preceitos jurídicos.', 'B': 'racional, baseada em pressupostos lógicos.', 'C': 'contingencial, processada em interações sociais.', 'D': 'transcendental, efetivada em princípios religiosos.', 'E': 'essencial, fundamentada em parâmetros substancialistas.'}",C
86,enem_2019,ch,azul,78,"[{'question_text_title': 'TEXTO I', 'question_text': 'Duas coisas enchem o ânimo de admiração e veneração sempre crescentes: o céu estrelado sobre mim e a lei moral em mim.', 'question_text_reference': 'KANT, I. **Crítica da razão prática.** Lisboa: Edições 70, s/d (adaptado).'}, {'question_text_title': 'TEXTO II', 'question_text': 'Duas coisas admiro: a dura lei cobrindo-me e o estrelado céu dentro de mim.', 'question_text_reference': 'FONTELA, O. Kant (relido). In: **Poesia completa.** São Paulo: Hedra, 2015.'}]",A releitura realizada pela poeta inverte as seguintes ideias centrais do pensamento kantiano:,"{'A': 'Possibilidade da liberdade e obrigação da ação.', 'B': 'Aprioridade do juízo e importância da natureza.', 'C': 'Necessidade da boa vontade e crítica da metafísica.', 'D': 'Prescindibilidade do empírico e autoridade da razão.', 'E': 'Interioridade da norma e fenomenalidade do mundo.'}",E
87,enem_2019,ch,azul,64,"[{'question_text': 'A lenda diz que, em um belo dia ensolarado, Newton estava relaxando sob uma macieira. Pássaros gorjeavam em suas orelhas. Havia uma brisa gentil. Ele cochilou por alguns minutos. De repente, uma maçã caiu sobre a sua cabeça e ele acordou com um susto. Olhou para cima. “Com certeza um pássaro ou um esquilo derrubou a maçã da árvore”, supôs. Mas não havia pássaros ou esquilos na árvore por perto. Ele, então, pensou: “Apenas alguns minutos antes, a maçã estava pendurada na árvore. Nenhuma força externa fez ela cair. Deve haver alguma força subjacente que causa a queda das coisas para a terra”.', 'question_text_reference': 'SILVA, C. C.; MARTINS, R. A. **Estudos de história e filosofia das ciências.** São Paulo: Livraria da Física, 2006 (adaptado).'}]","Em contraponto a uma interpretação idealizada, o texto aponta para a seguinte dimensão fundamental da ciência moderna:","{'A': 'Falsificação de teses.', 'B': 'Negação da observação.', 'C': 'Proposição de hipóteses.', 'D': 'Contemplação da natureza.', 'E': 'Universalização de conclusões.'}",C
88,enem_2019,ch,azul,76,"[{'question_text': 'Essa atmosfera de loucura e irrealidade, criada pela aparente ausência de propósitos, é a verdadeira cortina de ferro que esconde dos olhos do mundo todas as formas de campos de concentração. Vistos de fora, os campos e o que neles acontece só podem ser descritos com imagens extraterrenas, como se a vida fosse neles separada das finalidades deste mundo. Mais que o arame farpado, é a irrealidade dos detentos que ele confina que provoca uma crueldade tão incrível que termina levando à aceitação do extermínio como solução perfeitamente normal.', 'question_text_reference': 'ARENDT, H. **Origens do totalitarismo.** São Paulo: Cia. das Letras, 1989 (adaptado).'}]","A partir da análise da autora, no encontro das temporalidades históricas, evidencia-se uma crítica à naturalização do(a)","{'A': 'ideário nacional, que legitima as desigualdades sociais.', 'B': 'alienação ideológica, que justifica as ações individuais.', 'C': 'cosmologia religiosa, que sustenta as tradições hierárquicas.', 'D': 'segregação humana, que fundamenta os projetos biopolíticos.', 'E': 'enquadramento cultural, que favorece os comportamentos punitivos.'}",D
89,enem_2020_2apl,ch,azul,50,"[{'question_text': 'Sem dúvida, os sons da voz (phone) exprimem a dor e o prazer; também a encontramos nos animais em geral; sua natureza lhes permite somente sentir a dor e o prazer e manifestar-lhes entre si. Mas o lógos é feito para exprimir o justo e o injusto. Este é o caráter distintivo do homem face a todos os outros animais: só ele percebe o bem e o mal, o justo e o injusto, e os outros valores; é a posse comum desses valores que faz a família e a cidade.', 'question_text_reference': 'ARISTÓTELES. **A política.** São Paulo: Nova Cultural, 1987 (adaptado).'}]","Para o autor, a característica que define o ser humano é o lógos, que consiste na","{'A': 'evolução espiritual da alma.', 'B': 'apreensão gradual da verdade.', 'C': 'segurança material do indivíduo.', 'D': 'capacidade racional de discernir.', 'E': 'possibilidade eventual de transcender.'}",D
90,enem_2020_2apl,ch,azul,51,"[{'question_text': 'Por força da industrialização da cultura, desde o começo do filme já se sabe como ele termina, quem é recompensado e, ao escutar a música, o ouvido treinado é perfeitamente capaz, desde os primeiros compassos, de adivinhar o desenvolvimento do tema e sente-se feliz quando ele tem lugar como previsto.', 'question_text_reference': 'ADORNO, T. W.; HORKHEIMER, M. **Dialética do esclarecimento: fragmentos filosóficos.** Rio de Janeiro: Jorge Zahar, 2009.'}]","A crítica ao tipo de criação mencionada no texto teve como alvo, no campo da arte, a","{'A': 'burocratização do processo de difusão.', 'B': 'valorização da representação abstrata.', 'C': 'padronização das técnicas de composição.', 'D': 'sofisticação dos equipamentos disponíveis.', 'E': 'ampliação dos campos de experimentação.'}",C
91,enem_2020_2apl,ch,azul,52,"[{'question_text': 'Se os filósofos não forem reis nas cidades ou se os que hoje são chamados reis e soberanos não forem filósofos genuínos e capazes e se, numa mesma pessoa, não coincidirem poder político e filosofia e não for barrada agora, sob coerção, a caminhada das diversas naturezas que, em separado buscam uma dessas duas metas, não é possível, caro Glaucon, que haja para as cidades uma trégua de males e, penso, nem para o gênero humano.', 'question_text_reference': 'PLATÃO. **A República.** São Paulo: Martins Fontes, 2014.'}]",A tese apresentada pressupõe a necessidade do conhecimento verdadeiro para a,"{'A': 'superação de entraves dialógicos.', 'B': 'organização de uma sociedade justa.', 'C': 'formação de um saber enciclopédico.', 'D': 'promoção da igualdade dos cidadãos.', 'E': 'consolidação de uma democracia direta.'}",B
92,enem_2020_2apl,ch,azul,57,"[{'question_text': 'Na primeira meditação, eu exponho as razões pelas quais nós podemos duvidar de todas as coisas e, particularmente das coisas materiais, pelo menos enquanto não tivermos outros fundamentos nas ciências além dos que tivemos até o presente. Na segunda meditação, o espírito reconhece entretanto que é absolutamente impossível que ele mesmo, o espírito, não exista.', 'question_text_reference': 'DESCARTES, R. **Meditações metafísicas.** São Paulo: Abril Cultural, 1973 (adaptado).'}]",O instrumento intelectual empregado por Descartes para analisar os seus próprios pensamentos tem como objetivo,"{'A': 'identificar um ponto de partida para a consolidação de um conhecimento seguro.', 'B': 'observar os eventos particulares para a formação de um entendimento universal.', 'C': 'analisar as necessidades humanas para a construção de um saber empírico.', 'D': 'estabelecer uma base cognitiva para assegurar a valorização da memória.', 'E': 'investigar totalidades estruturadas para dotá-las de significação.'}",A
93,enem_2020_2apl,ch,azul,73,"[{'question_text': 'humanidade, a humanidade do homem, ainda é um conceito completamente novo para o filósofo que não cochila em pé. A velha questão do próprio homem continua por ser inteiramente reelaborada, não apenas em relação às ciências do vivo, não apenas em relação ao que se nomeia com essa palavra geral, homogênea e confusa, o animal, mas em relação a todos os traços que a metafísica reservou ao homem e que nenhum deles resiste à análise.', 'question_text_reference': 'DERRIDA, J. **Papel-máquina.** São Paulo: Estação Liberdade, 2004.'}]","No trecho, caracteriza-se o seguinte tema fundamental do pensamento filosófico contemporâneo:","{'A': 'Crise do sujeito.', 'B': 'Relativismo ético.', 'C': 'Virada linguística.', 'D': 'Teoria da referência.', 'E': 'Crítica à tecnociência.'}",A
94,enem_2020_2apl,ch,azul,89,"[{'question_text': 'Antes que a arte polisse nossas maneiras e ensinasse nossas paixões a falarem a linguagem apurada, nossos costumes eram rústicos. Não era melhor, mas os homens encontravam sua segurança na facilidade para se reconhecerem reciprocamente, e essa vantagem, de cujo valor não temos mais a noção, poupava-lhes muitos vícios.', 'question_text_reference': 'ROUSSEAU, J.-J. **Discurso sobre as ciências e as artes. **São Paulo: Abril Cultural, 1983 (adaptado).'}]","No presente excerto, o filósofo Jean-Jacques Rousseau (1712-1778) exalta uma condição que teria sido vivenciada pelo homem em qual situação?","{'A': 'No sistema monástico, pela valorização da religião.', 'B': 'Na existência em comunidade, pela comunhão de valores.', 'C': 'No modelo de autogestão, pela emancipação do sujeito.', 'D': 'No estado de natureza, pelo exercício da liberdade.', 'E': 'Na vida em sociedade, pela abundância de bens.'}",D
95,enem_2021,ch,azul,86,"[{'question_text': 'A filosofia é como uma árvore, cujas raízes são a metafísica; o tronco, a física, e os ramos que saem do tronco são todas as outras ciências, que se reduzem a três principais: a medicina, a mecânica e a moral, entendendo por moral a mais elevada e a mais perfeita porque pressupõe um saber integral das outras ciências, e é o último grau da sabedoria.', 'question_text_reference': 'DESCARTES, R. **Princípios da filosofia.** Lisboa: Edições 70, 1997 (adaptado).'}]","Essa construção alegórica de Descartes, acerca da condição epistemológica da filosofia, tem como objetivo","{'A': 'sustentar a unidade essencial do conhecimento.', 'B': 'refutar o elemento fundamental das crenças.', 'C': 'impulsionar o pensamento especulativo.', 'D': 'recepcionar o método experimental.', 'E': 'incentivar a suspensão dos juízos.'}",A
96,enem_2014,ch,azul,29,"[{'question_text': 'A filosofia encontra-se escrita neste grande livro que continuamente se abre perante nossos olhos (isto é, o universo), que não se pode compreender antes de entender a língua e conhecer os caracteres com os quais está escrito. Ele está escrito em língua matemática, os caracteres são triângulos, circunferências e outras figuras geométricas, sem cujos meios é impossível entender humanamente as palavras; sem eles, vagamos perdidos dentro de um obscuro labirinto.', 'question_text_reference': 'GALILEI, G. O ensaiador. **Os pensadores.** São Paulo: Abril Cultural, 1978.'}]","No contexto da Revolução Científica do século XVII, assumir a posição de Galileu significava defender a:","{'A': 'continuidade do vínculo entre ciência e fé dominante na Idade Média.', 'B': 'necessidade de o estudo linguístico ser acompanhado do exame matemático.', 'C': 'oposição da nova física quantitativa aos pressupostos da filosofia escolástica.', 'D': 'importância da independência da investigação científica pretendida pela Igreja.', 'E': 'inadequação da matemática para elaborar uma explicação racional da natureza.'}",C
